{"all_the_things":"https://emoji.slack-edge.com/T051P63TJ/all_the_things/9d87c3892d805738.jpg","bankrupt":"https://emoji.slack-edge.com/T051P63TJ/bankrupt/7f48b71ec6ac148f.png","baymax-no":"https://emoji.slack-edge.com/T051P63TJ/baymax-no/bb614a94e62118d9.gif","baymax-yes":"https://emoji.slack-edge.com/T051P63TJ/baymax-yes/e7700d5543b7a402.gif","beastie":"alias:bsd","beos":"https://emoji.slack-edge.com/T051P63TJ/beos/ad7c6cf84feda3b3.png","beryl":"https://emoji.slack-edge.com/T051P63TJ/beryl/efe1ba7e7a.png","black_square":"alias:black_large_square","bowtie":"https://emoji.slack-edge.com/T051P63TJ/bowtie/f3ec6f2bb0.png","bsd":"https://emoji.slack-edge.com/T051P63TJ/bsd/37a634f99689a207.jpg","burninate":"alias:trogdor","cent":"https://emoji.slack-edge.com/T051P63TJ/cent/caeaae41ce146818.png","chachi":"https://emoji.slack-edge.com/T051P63TJ/chachi/16eb04d8eedb8e3f.jpg","cobra":"https://emoji.slack-edge.com/T051P63TJ/cobra/1867860919c5d1ed.png","cubimal_chick":"https://emoji.slack-edge.com/T051P63TJ/cubimal_chick/85961c43d7.png","datadog":"https://emoji.slack-edge.com/T051P63TJ/datadog/99fc7200c9f1b6fb.png","docker":"https://emoji.slack-edge.com/T051P63TJ/docker/13857fe440a3f3ba.png","doge":"https://emoji.slack-edge.com/T051P63TJ/doge/13ca16a87c085d2b.png","donut":"https://emoji.slack-edge.com/T051P63TJ/donut/85541d116c147be7.jpg","drool":"https://emoji.slack-edge.com/T051P63TJ/drool/9e17272f86176ef5.gif","dusty_stick":"https://emoji.slack-edge.com/T051P63TJ/dusty_stick/6177a62312.png","eeexcellent":"https://emoji.slack-edge.com/T051P63TJ/eeexcellent/460079c2976bb102.gif","elixir":"https://emoji.slack-edge.com/T051P63TJ/elixir/1e72dc0a9d71d20e.png","elvis-tanuki":"https://emoji.slack-edge.com/T051P63TJ/elvis-tanuki/e44afa49e023902d.png","excellent":"alias:eeexcellent","facepalm":"https://emoji.slack-edge.com/T051P63TJ/facepalm/6f3ddd9dc04eb1ce.png","feelsgood":"https://emoji.slack-edge.com/T051P63TJ/feelsgood/7bcbaa15fa.png","fidget":"alias:spinner","finnadie":"https://emoji.slack-edge.com/T051P63TJ/finnadie/08e66eb46d.png","friday":"https://emoji.slack-edge.com/T051P63TJ/friday/5b31dd7777db526a.png","fsociety":"https://emoji.slack-edge.com/T051P63TJ/fsociety/0690c03535236314.png","fsociety_black":"https://emoji.slack-edge.com/T051P63TJ/fsociety_black/1cd7d0876943fd66.jpg","fu":"https://emoji.slack-edge.com/T051P63TJ/fu/2f615de37f.png","gin":"https://emoji.slack-edge.com/T051P63TJ/gin/b17193c3126d3b0f.png","glitch_crab":"https://emoji.slack-edge.com/T051P63TJ/glitch_crab/db049f1f9c.png","goberserk":"https://emoji.slack-edge.com/T051P63TJ/goberserk/d8b892d59b.png","godmode":"https://emoji.slack-edge.com/T051P63TJ/godmode/1bd6476fbb.png","golang":"https://emoji.slack-edge.com/T051P63TJ/golang/68202356b06243bc.png","hmm":"https://emoji.slack-edge.com/T051P63TJ/hmm/17e8871c7d5b442d.gif","hurtrealbad":"https://emoji.slack-edge.com/T051P63TJ/hurtrealbad/b9c3d648e6.png","laughingman":"https://emoji.slack-edge.com/T051P63TJ/laughingman/39f0a28e3c97b875.gif","leftshark":"https://emoji.slack-edge.com/T051P63TJ/leftshark/ec82df1227309f49.png","lolwut":"https://emoji.slack-edge.com/T051P63TJ/lolwut/a4b531ec58e1c179.png","megaman":"https://emoji.slack-edge.com/T051P63TJ/megaman/342a322996a94544.gif","memberberry":"https://emoji.slack-edge.com/T051P63TJ/memberberry/f803850a4722b0d9.jpg","metal":"https://emoji.slack-edge.com/T051P63TJ/metal/9f936a4278.png","mic_drop":"https://emoji.slack-edge.com/T051P63TJ/mic_drop/596c85ff51036c58.jpg","mindblown":"https://emoji.slack-edge.com/T051P63TJ/mindblown/3db50fcf39b0e24f.gif","monopoly":"https://emoji.slack-edge.com/T051P63TJ/monopoly/9a6570b8b80022c7.jpg","neckbeard":"https://emoji.slack-edge.com/T051P63TJ/neckbeard/c8ec7bf188.png","nice":"https://emoji.slack-edge.com/T051P63TJ/nice/0f1ad011bed94d20.png","nyan_cat":"https://emoji.slack-edge.com/T051P63TJ/nyan_cat/907dbba057855c36.gif","nyanparrot":"https://emoji.slack-edge.com/T051P63TJ/nyanparrot/9940ebc9fe1b2b00.gif","octocat":"https://emoji.slack-edge.com/T051P63TJ/octocat/627964d7c9.png","oracle":"https://emoji.slack-edge.com/T051P63TJ/oracle/839faa87ee22bd09.png","party_parrot":"https://emoji.slack-edge.com/T051P63TJ/party_parrot/16b275f3d7442ed7.gif","party_wizard":"https://emoji.slack-edge.com/T051P63TJ/party_wizard/745fb8519fc9b714.gif","pbr":"https://emoji.slack-edge.com/T051P63TJ/pbr/96bcfe9279f569c5.jpg","penny":"alias:cent","perl":"https://emoji.slack-edge.com/T051P63TJ/perl/e9bed1b6a7c7106e.png","perl6":"https://emoji.slack-edge.com/T051P63TJ/perl6/ed8621841539b0d7.png","piggy":"https://emoji.slack-edge.com/T051P63TJ/piggy/b7762ee8cd.png","plus":"https://emoji.slack-edge.com/T051P63TJ/plus/6594fa65790fba30.png","postgres":"alias:postgresql","postgresql":"https://emoji.slack-edge.com/T051P63TJ/postgresql/ef916092d05a453e.png","pride":"https://emoji.slack-edge.com/T051P63TJ/pride/56b1bd3388.png","python":"https://emoji.slack-edge.com/T051P63TJ/python/f8161030c286dfdb.png","rage1":"https://emoji.slack-edge.com/T051P63TJ/rage1/0c3685290c.png","rage2":"https://emoji.slack-edge.com/T051P63TJ/rage2/feaf8897c6.png","rage3":"https://emoji.slack-edge.com/T051P63TJ/rage3/8e11678fbf.png","rage4":"https://emoji.slack-edge.com/T051P63TJ/rage4/a8029a3996.png","rich_uncle_pennybags":"alias:monopoly","rightshark":"https://emoji.slack-edge.com/T051P63TJ/rightshark/bb7c023bb85a7215.jpg","rip":"https://emoji.slack-edge.com/T051P63TJ/rip/0f54eadf2f611a1a.png","ripip":"alias:rip","robot_thumbs_up":"https://emoji.slack-edge.com/T051P63TJ/robot_thumbs_up/bb37517939826154.png","rube":"https://emoji.slack-edge.com/T051P63TJ/rube/74ef8ef199.png","ruby":"https://emoji.slack-edge.com/T051P63TJ/ruby/993f14ab2034c2a7.png","sad_panda":"https://emoji.slack-edge.com/T051P63TJ/sad_panda/f32fd5185b33b5f9.jpg","scotch":"https://emoji.slack-edge.com/T051P63TJ/scotch/8f9e1a7a69cd4e90.jpg","shipit":"alias:squirrel","shipitparrot":"https://emoji.slack-edge.com/T051P63TJ/shipitparrot/37c41da9316979d4.gif","shuffleparrot":"https://emoji.slack-edge.com/T051P63TJ/shuffleparrot/ba4a1f2660f22bbc.gif","simple_smile":"https://a.slack-edge.com/80588/img/emoji_2017_12_06/apple/simple_smile.png","slack":"https://emoji.slack-edge.com/T051P63TJ/slack/7d462d2443.png","slack_call":"https://emoji.slack-edge.com/T051P63TJ/slack_call/b81fffd6dd.png","spam":"https://emoji.slack-edge.com/T051P63TJ/spam/13f386b8820221e1.png","spinner":"https://emoji.slack-edge.com/T051P63TJ/spinner/499826ef03ddc71c.gif","squirrel":"https://emoji.slack-edge.com/T051P63TJ/squirrel/465f40c0e0.png","star_trek":"https://emoji.slack-edge.com/T051P63TJ/star_trek/2c9f87ebaa9ba783.png","success":"https://emoji.slack-edge.com/T051P63TJ/success/0467d1e86eaf6209.png","suspect":"https://emoji.slack-edge.com/T051P63TJ/suspect/ca4ab3c7c7.png","tetris":"https://emoji.slack-edge.com/T051P63TJ/tetris/ac62c534d06b1930.jpg","this":"https://emoji.slack-edge.com/T051P63TJ/this/26e8924994ca02d0.gif","thumbsup_all":"https://emoji.slack-edge.com/T051P63TJ/thumbsup_all/50096a1020.png","triforce":"https://emoji.slack-edge.com/T051P63TJ/triforce/f66a6392171fbf17.png","trogdor":"https://emoji.slack-edge.com/T051P63TJ/trogdor/88bd97b09608023c.png","trollface":"https://emoji.slack-edge.com/T051P63TJ/trollface/8c0ac4ae98.png","tumbleweed":"https://emoji.slack-edge.com/T051P63TJ/tumbleweed/862db4769162889c.gif","vim":"https://emoji.slack-edge.com/T051P63TJ/vim/c789a5d4b8e12798.png","whiskey":"https://emoji.slack-edge.com/T051P63TJ/whiskey/878189a5d0142f20.png","white_square":"alias:white_large_square","whoosh":"https://emoji.slack-edge.com/T051P63TJ/whoosh/8f73f44957027332.gif","wonderwoman":"https://emoji.slack-edge.com/T051P63TJ/wonderwoman/9d97d7ae95648124.jpg"}