{"ac_transit":"https://emoji.slack-edge.com/T0D4Z1F6Y/ac_transit/ea9141fc160abce0.png","all_the_things":"https://emoji.slack-edge.com/T0D4Z1F6Y/all_the_things/4e991bde2f9c8c41.jpg","ansible":"https://emoji.slack-edge.com/T0D4Z1F6Y/ansible/e2e2661e125762f1.png","aws":"https://emoji.slack-edge.com/T0D4Z1F6Y/aws/003c87bc548c33b1.jpg","baby-yoda":"https://emoji.slack-edge.com/T0D4Z1F6Y/baby-yoda/cd74db41964215e6.png","bart":"https://emoji.slack-edge.com/T0D4Z1F6Y/bart/96da565477abe468.png","beryl":"https://emoji.slack-edge.com/T0D4Z1F6Y/beryl/efe1ba7e7a.png","black_square":"alias:black_large_square","bowtie":"https://emoji.slack-edge.com/T0D4Z1F6Y/bowtie/f3ec6f2bb0.png","cubimal_chick":"https://emoji.slack-edge.com/T0D4Z1F6Y/cubimal_chick/85961c43d7.png","discord":"https://emoji.slack-edge.com/T0D4Z1F6Y/discord/275d06edeea6f5ae.png","dusty_stick":"https://emoji.slack-edge.com/T0D4Z1F6Y/dusty_stick/6177a62312.png","fb-like":"https://emoji.slack-edge.com/T0D4Z1F6Y/fb-like/f2eb3f028374e0e7.png","feelsgood":"https://emoji.slack-edge.com/T0D4Z1F6Y/feelsgood/7bcbaa15fa.png","finnadie":"https://emoji.slack-edge.com/T0D4Z1F6Y/finnadie/08e66eb46d.png","fu":"https://emoji.slack-edge.com/T0D4Z1F6Y/fu/2f615de37f.png","github":"https://emoji.slack-edge.com/T0D4Z1F6Y/github/39e4fc99af98dc10.png","glitch_crab":"https://emoji.slack-edge.com/T0D4Z1F6Y/glitch_crab/db049f1f9c.png","goberserk":"https://emoji.slack-edge.com/T0D4Z1F6Y/goberserk/d8b892d59b.png","godmode":"https://emoji.slack-edge.com/T0D4Z1F6Y/godmode/1bd6476fbb.png","google_calendar":"https://emoji.slack-edge.com/T0D4Z1F6Y/google_calendar/2338927d05dcdb4b.jpg","google_docs":"https://emoji.slack-edge.com/T0D4Z1F6Y/google_docs/094f0825d59cfbc2.png","google_drive":"https://emoji.slack-edge.com/T0D4Z1F6Y/google_drive/6dfeb2a917c2c8fb.png","hurtrealbad":"https://emoji.slack-edge.com/T0D4Z1F6Y/hurtrealbad/b9c3d648e6.png","ibm":"https://emoji.slack-edge.com/T0D4Z1F6Y/ibm/6a6021ee94d12e9f.png","jmr_crazycatseyes":"https://emoji.slack-edge.com/T0D4Z1F6Y/jmr_crazycatseyes/993d4dfb918c6d10.png","jmr_galactic":"https://emoji.slack-edge.com/T0D4Z1F6Y/jmr_galactic/c8f2bc84eaf46e9c.jpg","jmr_mintymaniacs":"https://emoji.slack-edge.com/T0D4Z1F6Y/jmr_mintymaniacs/3d21438672fd93cb.png","jmr_orangers":"https://emoji.slack-edge.com/T0D4Z1F6Y/jmr_orangers/e9976238ce590e96.png","johndeere":"https://emoji.slack-edge.com/T0D4Z1F6Y/johndeere/17b6c9bddf906e65.jpg","lego":"https://emoji.slack-edge.com/T0D4Z1F6Y/lego/d20af873507decd7.gif","mandalorian":"https://emoji.slack-edge.com/T0D4Z1F6Y/mandalorian/f8c77a9008be553c.png","mcdonalds":"https://emoji.slack-edge.com/T0D4Z1F6Y/mcdonalds/1800b86efbd92758.png","metal":"https://emoji.slack-edge.com/T0D4Z1F6Y/metal/9f936a4278.png","neckbeard":"https://emoji.slack-edge.com/T0D4Z1F6Y/neckbeard/c8ec7bf188.png","octocat":"https://emoji.slack-edge.com/T0D4Z1F6Y/octocat/627964d7c9.png","piggy":"https://emoji.slack-edge.com/T0D4Z1F6Y/piggy/b7762ee8cd.png","pride":"https://emoji.slack-edge.com/T0D4Z1F6Y/pride/56b1bd3388.png","rage1":"https://emoji.slack-edge.com/T0D4Z1F6Y/rage1/0c3685290c.png","rage2":"https://emoji.slack-edge.com/T0D4Z1F6Y/rage2/feaf8897c6.png","rage3":"https://emoji.slack-edge.com/T0D4Z1F6Y/rage3/8e11678fbf.png","rage4":"https://emoji.slack-edge.com/T0D4Z1F6Y/rage4/a8029a3996.png","rube":"https://emoji.slack-edge.com/T0D4Z1F6Y/rube/74ef8ef199.png","sf_giants":"https://emoji.slack-edge.com/T0D4Z1F6Y/sf_giants/9a268a033d57164c.png","sf_muni":"https://emoji.slack-edge.com/T0D4Z1F6Y/sf_muni/549cb94bb331200b.png","shipit":"alias:squirrel","simple_smile":"https://a.slack-edge.com/80588/img/emoji_2017_12_06/apple/simple_smile.png","slack":"https://emoji.slack-edge.com/T0D4Z1F6Y/slack/7d462d2443.png","slack_call":"https://emoji.slack-edge.com/T0D4Z1F6Y/slack_call/b81fffd6dd.png","spotify":"https://emoji.slack-edge.com/T0D4Z1F6Y/spotify/2c4ae986eb92d91c.png","squirrel":"https://emoji.slack-edge.com/T0D4Z1F6Y/squirrel/465f40c0e0.png","steam":"https://emoji.slack-edge.com/T0D4Z1F6Y/steam/f7b609e75fe57eec.png","suspect":"https://emoji.slack-edge.com/T0D4Z1F6Y/suspect/ca4ab3c7c7.png","thumbsup_all":"https://emoji.slack-edge.com/T0D4Z1F6Y/thumbsup_all/50096a1020.png","trollface":"https://emoji.slack-edge.com/T0D4Z1F6Y/trollface/8c0ac4ae98.png","weed":"https://emoji.slack-edge.com/T0D4Z1F6Y/weed/fb8a533dc01f8211.png","weed_jar":"https://emoji.slack-edge.com/T0D4Z1F6Y/weed_jar/4bdbdf0404424e2b.png","white_square":"alias:white_large_square","zoom":"https://emoji.slack-edge.com/T0D4Z1F6Y/zoom/1aab048908731d8c.png"}