{"+2":"https://emoji.slack-edge.com/T09LQ7E9E/%252B2/21241162ede22605.png","-1000":"https://emoji.slack-edge.com/T09LQ7E9E/-1000/10fa19fc01a3f482.png","1000":"https://emoji.slack-edge.com/T09LQ7E9E/1000/b44ec8b144c696af.png","1up":"https://emoji.slack-edge.com/T09LQ7E9E/1up/b6a6ce3c96bd73f6.png","2020":"https://emoji.slack-edge.com/T09LQ7E9E/2020/03050495783a71da.png","2020-intensifies":"https://emoji.slack-edge.com/T09LQ7E9E/2020-intensifies/707a8a91649742d6.gif","90":"https://emoji.slack-edge.com/T09LQ7E9E/90/e2ef9ec10dbc9386.png","a-meow-bongo-faster":"https://emoji.slack-edge.com/T09LQ7E9E/a-meow-bongo-faster/216c6730e419b620.gif","ack":"https://emoji.slack-edge.com/T09LQ7E9E/ack/02bd29aed5212346.png","ackchyually":"https://emoji.slack-edge.com/T09LQ7E9E/ackchyually/952ecb96b5203df2.png","adjourned":"https://emoji.slack-edge.com/T09LQ7E9E/adjourned/cfdb77cb5875935e.jpg","ahhhhhhhhh":"https://emoji.slack-edge.com/T09LQ7E9E/ahhhhhhhhh/e627a0f0cd756eb3.gif","airforce":"https://emoji.slack-edge.com/T09LQ7E9E/airforce/3c6a954819dceb43.png","ak47":"https://emoji.slack-edge.com/T09LQ7E9E/ak47/8763e3662dcb0cf6.png","alma":"https://emoji.slack-edge.com/T09LQ7E9E/alma/9a6d811068f8b708.png","alwaysblamethemaplesyrupjunkies":"https://emoji.slack-edge.com/T09LQ7E9E/alwaysblamethemaplesyrupjunkies/b389e4ee99c631de.png","amaze":"https://emoji.slack-edge.com/T09LQ7E9E/amaze/7c894d1f2f5f45fe.gif","amazon":"https://emoji.slack-edge.com/T09LQ7E9E/amazon/e45b962c853ce2f2.png","among_us_voted":"https://emoji.slack-edge.com/T09LQ7E9E/among_us_voted/8cb87d741d8c7194.png","amsterdam":"https://emoji.slack-edge.com/T09LQ7E9E/amsterdam/58c3d839fd9d97af.png","angryshakingfist":"https://emoji.slack-edge.com/T09LQ7E9E/angryshakingfist/8028af171f824e96.gif","ansible":"https://emoji.slack-edge.com/T09LQ7E9E/ansible/2b937f18a76e30e1.png","approved":"https://emoji.slack-edge.com/T09LQ7E9E/approved/86e7c72fd21b6dfe.jpg","aristaed":"https://emoji.slack-edge.com/T09LQ7E9E/aristaed/1e538965db2ff623.png","army":"https://emoji.slack-edge.com/T09LQ7E9E/army/4cc019bbd1462b21.png","arr":"https://emoji.slack-edge.com/T09LQ7E9E/arr/168c108efcc01da3.png","assault-riffle":"alias:bazooka","atom":"https://emoji.slack-edge.com/T09LQ7E9E/atom/0b46371f99539d1f.png","awesome":"https://emoji.slack-edge.com/T09LQ7E9E/awesome/35655d91c9b25936.png","awesomeface":"https://emoji.slack-edge.com/T09LQ7E9E/awesomeface/013f0e816aa846e8.png","awkward":"https://emoji.slack-edge.com/T09LQ7E9E/awkward/7a82542292d16b60.gif","awkward-seal":"https://emoji.slack-edge.com/T09LQ7E9E/awkward-seal/e9bc7aa7533bcdd4.jpg","awwthanks":"https://emoji.slack-edge.com/T09LQ7E9E/awwthanks/b0065aa111cbd621.png","awwwyeah":"https://emoji.slack-edge.com/T09LQ7E9E/awwwyeah/5eccf37676fd8bc4.gif","baby-yoda-soup":"https://emoji.slack-edge.com/T09LQ7E9E/baby-yoda-soup/3f1025c5fe127829.gif","back_away":"https://emoji.slack-edge.com/T09LQ7E9E/back_away/70f25ed2c33bdeea.gif","backhoe":"https://emoji.slack-edge.com/T09LQ7E9E/backhoe/5f81913aef7feea1.jpg","badgerpoo":"https://emoji.slack-edge.com/T09LQ7E9E/badgerpoo/cd5a2810328e0cf9.png","badumtsss":"https://emoji.slack-edge.com/T09LQ7E9E/badumtsss/83515b1f7a47852e.png","bananadance":"https://emoji.slack-edge.com/T09LQ7E9E/bananadance/59b89e6849e310dd.gif","banghead":"https://emoji.slack-edge.com/T09LQ7E9E/banghead/8a1fbffe1923e1b9.gif","banginghead":"https://emoji.slack-edge.com/T09LQ7E9E/banginghead/0ee027d4eb05d174.gif","batfish":"https://emoji.slack-edge.com/T09LQ7E9E/batfish/b1d29c2d492ec44c.png","batman-approves":"https://emoji.slack-edge.com/T09LQ7E9E/batman-approves/028eab5472548bb2.png","bazooka":"https://emoji.slack-edge.com/T09LQ7E9E/bazooka/9ebb78e4c58bac79.png","bender":"https://emoji.slack-edge.com/T09LQ7E9E/bender/7618c8a3647362e6.gif","beryl":"https://emoji.slack-edge.com/T09LQ7E9E/beryl/efe1ba7e7a.png","bgp":"https://emoji.slack-edge.com/T09LQ7E9E/bgp/9a310a8f09fd9b4e.png","big-oof":"https://emoji.slack-edge.com/T09LQ7E9E/big-oof/79928f3279d3ff92.gif","black_square":"alias:black_large_square","blob-doge":"https://emoji.slack-edge.com/T09LQ7E9E/blob-doge/82e2b3b727719572.png","blob-ross":"https://emoji.slack-edge.com/T09LQ7E9E/blob-ross/327f04741186ba50.png","bloodbath":"https://emoji.slack-edge.com/T09LQ7E9E/bloodbath/336ee7778cc639f7.png","bluecat":"https://emoji.slack-edge.com/T09LQ7E9E/bluecat/f8d48beff85bbab7.png","bow2":"https://emoji.slack-edge.com/T09LQ7E9E/bow2/54fee646da00a7c7.gif","bowtie":"https://emoji.slack-edge.com/T09LQ7E9E/bowtie/f3ec6f2bb0.png","branch":"https://emoji.slack-edge.com/T09LQ7E9E/branch/ec8bdf7f75e1cbc4.gif","broadcom":"https://emoji.slack-edge.com/T09LQ7E9E/broadcom/500701b573f5a811.png","buff-doge":"https://emoji.slack-edge.com/T09LQ7E9E/buff-doge/72a161aad3ec49f4.png","bushes-reverse":"https://emoji.slack-edge.com/T09LQ7E9E/bushes-reverse/ecc60aba56c60891.gif","business_cat":"https://emoji.slack-edge.com/T09LQ7E9E/business_cat/1e853e9670059b92.jpg","capitalistpig":"https://emoji.slack-edge.com/T09LQ7E9E/capitalistpig/df9b6dc525dc465b.gif","carstair":"https://emoji.slack-edge.com/T09LQ7E9E/carstair/b0619ccd3c35e51d.png","catjam":"https://emoji.slack-edge.com/T09LQ7E9E/catjam/3ab3452fe10d82e8.gif","catsurprise":"https://emoji.slack-edge.com/T09LQ7E9E/catsurprise/8683d85182c7b3c8.gif","cattyping":"https://emoji.slack-edge.com/T09LQ7E9E/cattyping/d70de63473fa3d72.gif","chef_kiss":"https://emoji.slack-edge.com/T09LQ7E9E/chef_kiss/331752cd6e23cfce.png","chef_kissing_while_crying":"https://emoji.slack-edge.com/T09LQ7E9E/chef_kissing_while_crying/99884b9c75ac3d8d.png","chefskiss":"https://emoji.slack-edge.com/T09LQ7E9E/chefskiss/74329e4d18266cb1.png","cisco":"https://emoji.slack-edge.com/T09LQ7E9E/cisco/eeeacac212b6fb49.png","cloudfire":"https://emoji.slack-edge.com/T09LQ7E9E/cloudfire/4f5ed94d7e34d5cf.png","cloudtoot":"https://emoji.slack-edge.com/T09LQ7E9E/cloudtoot/52bf6a247ace37d2.png","computer-rage":"https://emoji.slack-edge.com/T09LQ7E9E/computer-rage/7ebcea2228d49115.gif","confused-john-travolta":"https://emoji.slack-edge.com/T09LQ7E9E/confused-john-travolta/bd4b9671ab7b657c.gif","confused_dog":"https://emoji.slack-edge.com/T09LQ7E9E/confused_dog/1d6d6d9556191da4.gif","cool-doge":"https://emoji.slack-edge.com/T09LQ7E9E/cool-doge/6c6452cbaeb73f14.gif","cool_doge":"https://emoji.slack-edge.com/T09LQ7E9E/cool_doge/726592d9b91facaf.gif","core_maintenance":"https://emoji.slack-edge.com/T09LQ7E9E/core_maintenance/453a656ffee3a42a.png","corel":"https://emoji.slack-edge.com/T09LQ7E9E/corel/d69647bc6a1251f8.png","corpsethumb":"https://emoji.slack-edge.com/T09LQ7E9E/corpsethumb/ba44a21ca930aba2.jpg","cruise":"https://emoji.slack-edge.com/T09LQ7E9E/cruise/f4b95afe3305ca86.png","crying-sunglasses-cowboy":"https://emoji.slack-edge.com/T09LQ7E9E/crying-sunglasses-cowboy/500f9a4f7eb620e0.png","cryingmeme":"https://emoji.slack-edge.com/T09LQ7E9E/cryingmeme/4e50d9783ded4737.png","cubimal_chick":"https://emoji.slack-edge.com/T09LQ7E9E/cubimal_chick/85961c43d7.png","dancing_pickle":"https://emoji.slack-edge.com/T09LQ7E9E/dancing_pickle/ff71ac5d4634129a.gif","dancingpenguin":"https://emoji.slack-edge.com/T09LQ7E9E/dancingpenguin/d29dd20f3d5e70b0.gif","dead":"https://emoji.slack-edge.com/T09LQ7E9E/dead/a9cb175eaa047564.png","delorean":"https://emoji.slack-edge.com/T09LQ7E9E/delorean/6db265fa2c461fd9.png","derp_pony":"https://emoji.slack-edge.com/T09LQ7E9E/derp_pony/b7b84e486138dfb1.png","did-i-do-that":"https://emoji.slack-edge.com/T09LQ7E9E/did-i-do-that/3cd9d40b14f23487.png","digitalocean":"https://emoji.slack-edge.com/T09LQ7E9E/digitalocean/65dfdc588e2b4480.png","docker":"https://emoji.slack-edge.com/T09LQ7E9E/docker/9db93346792afc22.png","doge":"https://emoji.slack-edge.com/T09LQ7E9E/doge/bd1e85e32c25481b.png","doge_finger_guns":"https://emoji.slack-edge.com/T09LQ7E9E/doge_finger_guns/ca989b7b50d96fdd.png","dogemoji":"https://emoji.slack-edge.com/T09LQ7E9E/dogemoji/52308f4d3bad7e01.png","dogescroll":"https://emoji.slack-edge.com/T09LQ7E9E/dogescroll/220bf6fde4c778b6.gif","doh":"https://emoji.slack-edge.com/T09LQ7E9E/doh/39ccaab353eb5b6e.gif","doublefacepalm":"https://emoji.slack-edge.com/T09LQ7E9E/doublefacepalm/b9e50b8964c3de6e.png","drake-no":"https://emoji.slack-edge.com/T09LQ7E9E/drake-no/6ed7105a7ae1b4ee.png","drake-yes":"https://emoji.slack-edge.com/T09LQ7E9E/drake-yes/9a2be9d6bd796e20.png","dramatic_chipmunk":"https://emoji.slack-edge.com/T09LQ7E9E/dramatic_chipmunk/1e75df7e4f5f9f19.gif","drawio":"https://emoji.slack-edge.com/T09LQ7E9E/drawio/caebfa8277b7fcbe.png","drool-homer":"https://emoji.slack-edge.com/T09LQ7E9E/drool-homer/1238b37e5b137319.png","drum-sting":"https://emoji.slack-edge.com/T09LQ7E9E/drum-sting/37ee7aba552c246d.gif","duck_that":"https://emoji.slack-edge.com/T09LQ7E9E/duck_that/7ced166899c407a1.png","duct_tape":"https://emoji.slack-edge.com/T09LQ7E9E/duct_tape/6485f988ae2c79ac.jpg","dumpster":"https://emoji.slack-edge.com/T09LQ7E9E/dumpster/22f3f76a92be4242.gif","dumpsterfire":"https://emoji.slack-edge.com/T09LQ7E9E/dumpsterfire/c704705c5a1d4b4b.gif","dumpsterfire2":"https://emoji.slack-edge.com/T09LQ7E9E/dumpsterfire2/0aa54f8c33b19aa9.gif","dumpsterfire3":"https://emoji.slack-edge.com/T09LQ7E9E/dumpsterfire3/b12b550102a55cbc.gif","dusty_stick":"https://emoji.slack-edge.com/T09LQ7E9E/dusty_stick/6177a62312.png","e":"https://emoji.slack-edge.com/T09LQ7E9E/e/87aaed50535496cf.jpg","eds1275":"https://emoji.slack-edge.com/T09LQ7E9E/eds1275/3330c626055f2bee.png","elmo_fire":"https://emoji.slack-edge.com/T09LQ7E9E/elmo_fire/2042873f7f555ef5.gif","elon":"https://emoji.slack-edge.com/T09LQ7E9E/elon/4bb81db2b4a1fb20.png","emacs":"https://emoji.slack-edge.com/T09LQ7E9E/emacs/5d7c40022b72ab87.png","enhance-wei":"https://emoji.slack-edge.com/T09LQ7E9E/enhance-wei/382fb2d207c4ad43.gif","eq":"https://emoji.slack-edge.com/T09LQ7E9E/eq/b63a829ccd00a8af.png","errol":"https://emoji.slack-edge.com/T09LQ7E9E/errol/3b58682b7b87abcc.png","evil":"https://emoji.slack-edge.com/T09LQ7E9E/evil/079475dcc56ab0fc.png","evilgrin":"https://emoji.slack-edge.com/T09LQ7E9E/evilgrin/eb4e4df2527af3b8.gif","excellent":"https://emoji.slack-edge.com/T09LQ7E9E/excellent/782394ffeb0ec4f6.png","excited":"https://emoji.slack-edge.com/T09LQ7E9E/excited/1cb6952ea26335a2.gif","excuseme":"https://emoji.slack-edge.com/T09LQ7E9E/excuseme/5dbc2d3a948988d3.gif","eye-twitch":"https://emoji.slack-edge.com/T09LQ7E9E/eye-twitch/32ec1197f7b44d05.gif","eyeroll":"https://emoji.slack-edge.com/T09LQ7E9E/eyeroll/d3f870036b6b7d16.gif","f":"https://emoji.slack-edge.com/T09LQ7E9E/f/c12568cbe2ef020a.jpg","f5":"https://emoji.slack-edge.com/T09LQ7E9E/f5/2e0619415cec61f3.png","facepalm":"https://emoji.slack-edge.com/T09LQ7E9E/facepalm/ce6060dc06a1573a.jpg","facepalm-fauci":"https://emoji.slack-edge.com/T09LQ7E9E/facepalm-fauci/6ff6f92b240c96b1.gif","facepalm-picard":"https://emoji.slack-edge.com/T09LQ7E9E/facepalm-picard/36f867bf50fabad3.png","facts":"https://emoji.slack-edge.com/T09LQ7E9E/facts/d7b552e7ef195196.png","fancy-logo-of-a-well-known-network-automation-tool-with-flames-and-an-archaic-rs232-interface":"alias:napalm","feelsgood":"https://emoji.slack-edge.com/T09LQ7E9E/feelsgood/7bcbaa15fa.png","fenneko":"https://emoji.slack-edge.com/T09LQ7E9E/fenneko/e70ea47c8d987508.gif","festive-doge":"https://emoji.slack-edge.com/T09LQ7E9E/festive-doge/35e882cfbfb2f984.png","fidget":"https://emoji.slack-edge.com/T09LQ7E9E/fidget/2e33a2eb29ff8601.gif","finger-guns":"https://emoji.slack-edge.com/T09LQ7E9E/finger-guns/3e8353fd8b43ad28.png","finnadie":"https://emoji.slack-edge.com/T09LQ7E9E/finnadie/08e66eb46d.png","fireball":"https://emoji.slack-edge.com/T09LQ7E9E/fireball/eba90f0a40730ca9.png","fixing":"https://emoji.slack-edge.com/T09LQ7E9E/fixing/19eabd69ff57b2c3.gif","flag-us-fl":"https://emoji.slack-edge.com/T09LQ7E9E/flag-us-fl/deb5b44a968ca48d.png","flask":"https://emoji.slack-edge.com/T09LQ7E9E/flask/390c5bd172af8919.png","flux_capacitor":"https://emoji.slack-edge.com/T09LQ7E9E/flux_capacitor/1b2652547ca819b9.gif","friends":"https://emoji.slack-edge.com/T09LQ7E9E/friends/c1d92eed2d838344.jpg","fry":"https://emoji.slack-edge.com/T09LQ7E9E/fry/a8aceef43c465191.png","fu":"https://emoji.slack-edge.com/T09LQ7E9E/fu/2f615de37f.png","github-unicorn":"https://emoji.slack-edge.com/T09LQ7E9E/github-unicorn/a3ecff77e451ee0e.png","glitch_crab":"https://emoji.slack-edge.com/T09LQ7E9E/glitch_crab/db049f1f9c.png","gnome":"https://emoji.slack-edge.com/T09LQ7E9E/gnome/953be3afaefffa35.jpg","goberserk":"https://emoji.slack-edge.com/T09LQ7E9E/goberserk/d8b892d59b.png","godmode":"https://emoji.slack-edge.com/T09LQ7E9E/godmode/1bd6476fbb.png","golang":"https://emoji.slack-edge.com/T09LQ7E9E/golang/aa6d3a12356f4211.png","good_news":"https://emoji.slack-edge.com/T09LQ7E9E/good_news/e45fd5947596d630.png","good_thinking":"https://emoji.slack-edge.com/T09LQ7E9E/good_thinking/2615d468c22df074.jpg","goodgood":"https://emoji.slack-edge.com/T09LQ7E9E/goodgood/f9fd1cd75eac48bf.jpg","gopher":"https://emoji.slack-edge.com/T09LQ7E9E/gopher/bc345338f1b0b914.png","gravy":"https://emoji.slack-edge.com/T09LQ7E9E/gravy/ac9f7e0586cc06e4.png","great_success_borat":"https://emoji.slack-edge.com/T09LQ7E9E/great_success_borat/11294800519a8145.gif","grogu":"https://emoji.slack-edge.com/T09LQ7E9E/grogu/82bb291a511eebbb.jpg","group_thinking":"https://emoji.slack-edge.com/T09LQ7E9E/group_thinking/3362506f46abf744.gif","grrr":"https://emoji.slack-edge.com/T09LQ7E9E/grrr/d13de13ca92fa7b8.gif","grumpy":"https://emoji.slack-edge.com/T09LQ7E9E/grumpy/8881990de5f2b457.jpg","grumpycat":"https://emoji.slack-edge.com/T09LQ7E9E/grumpycat/948b3b3cddc31b4f.png","gucci":"https://emoji.slack-edge.com/T09LQ7E9E/gucci/ec0da292f112fe22.png","ha-ha":"https://emoji.slack-edge.com/T09LQ7E9E/ha-ha/9a34f43b79bba089.png","haha_business":"https://emoji.slack-edge.com/T09LQ7E9E/haha_business/4e95b410ee6f157d.png","headbang":"https://emoji.slack-edge.com/T09LQ7E9E/headbang/ae98bdf6c3fa47a6.gif","headondesk":"https://emoji.slack-edge.com/T09LQ7E9E/headondesk/850feebae12842db.gif","hehehe":"https://emoji.slack-edge.com/T09LQ7E9E/hehehe/7637a939a22f81f6.gif","hidethepain":"https://emoji.slack-edge.com/T09LQ7E9E/hidethepain/9d52ca407847b8c3.jpg","hidethepainharold":"https://emoji.slack-edge.com/T09LQ7E9E/hidethepainharold/50e1585e3595505d.jpg","hillbilly":"https://emoji.slack-edge.com/T09LQ7E9E/hillbilly/871a6d97d2222acd.png","homer-appear":"https://emoji.slack-edge.com/T09LQ7E9E/homer-appear/e70ab4c8193410af.gif","homer-hide":"https://emoji.slack-edge.com/T09LQ7E9E/homer-hide/f9368f3df491bbe0.gif","homer-scream":"https://emoji.slack-edge.com/T09LQ7E9E/homer-scream/72826e387b65570b.jpg","hug-ops":"https://emoji.slack-edge.com/T09LQ7E9E/hug-ops/d7bff37961bbeec8.jpg","hurtrealbad":"https://emoji.slack-edge.com/T09LQ7E9E/hurtrealbad/b9c3d648e6.png","igiveup":"https://emoji.slack-edge.com/T09LQ7E9E/igiveup/00d66b29eca46d1e.gif","image-13":"https://emoji.slack-edge.com/T09LQ7E9E/image-13/bc4f18f3fcad65d6.png","inception":"https://emoji.slack-edge.com/T09LQ7E9E/inception/bc0d5d82001cd117.gif","iosxr":"alias:hankey","irony":"https://emoji.slack-edge.com/T09LQ7E9E/irony/71c19577aa305bea.png","it-crowd":"https://emoji.slack-edge.com/T09LQ7E9E/it-crowd/416ad364a6e8fee6.gif","italian_hand_gesture":"https://emoji.slack-edge.com/T09LQ7E9E/italian_hand_gesture/1e0f474f3c76c82b.png","italianhand":"https://emoji.slack-edge.com/T09LQ7E9E/italianhand/4eb2c58f007cfe35.png","its-happening":"https://emoji.slack-edge.com/T09LQ7E9E/its-happening/362d74a2e4ed5a80.gif","its-true":"https://emoji.slack-edge.com/T09LQ7E9E/its-true/d1040f4a5d3734c9.gif","its_cool":"https://emoji.slack-edge.com/T09LQ7E9E/its_cool/07daa9ce935d4d80.png","itsjunos":"https://emoji.slack-edge.com/T09LQ7E9E/itsjunos/525fe8435724fa77.png","itssomething":"https://emoji.slack-edge.com/T09LQ7E9E/itssomething/ae804a90fd51a915.jpg","jay":"https://emoji.slack-edge.com/T09LQ7E9E/jay/dd601fd3a3a84120.png","jerry":"https://emoji.slack-edge.com/T09LQ7E9E/jerry/b578b9375d3edcd2.png","jerry-bear":"https://emoji.slack-edge.com/T09LQ7E9E/jerry-bear/bc0f889e46c3a98e.png","jinja":"https://emoji.slack-edge.com/T09LQ7E9E/jinja/41fa04105edb3284.png","juniper":"https://emoji.slack-edge.com/T09LQ7E9E/juniper/3c4c642ae04597a6.png","juniper1":"https://emoji.slack-edge.com/T09LQ7E9E/juniper1/5487c9d7c2cd910b.png","junipered":"https://emoji.slack-edge.com/T09LQ7E9E/junipered/0890783539edb194.png","junos":"https://emoji.slack-edge.com/T09LQ7E9E/junos/e65d8c4842e279c6.png","keanu_thanks":"https://emoji.slack-edge.com/T09LQ7E9E/keanu_thanks/5b962315fcaee557.gif","kekw":"https://emoji.slack-edge.com/T09LQ7E9E/kekw/667aa577c6844fb0.jpg","knock_wood":"https://emoji.slack-edge.com/T09LQ7E9E/knock_wood/3274680b0f78860d.jpg","korok-heart":"https://emoji.slack-edge.com/T09LQ7E9E/korok-heart/7247c893a3df0eff.png","korok-hi":"https://emoji.slack-edge.com/T09LQ7E9E/korok-hi/9e9d6355a485f2ba.png","korok-hype":"https://emoji.slack-edge.com/T09LQ7E9E/korok-hype/b3c7ddbac5dffef2.png","krypton85":"alias:slightly_smiling_face","kuberenetes":"https://emoji.slack-edge.com/T09LQ7E9E/kuberenetes/ec7df18e9abd83c2.gif","kubernetes":"https://emoji.slack-edge.com/T09LQ7E9E/kubernetes/328f9250864921e3.png","lacesout":"https://emoji.slack-edge.com/T09LQ7E9E/lacesout/1be83e2b1ad19fdf.png","laforge":"https://emoji.slack-edge.com/T09LQ7E9E/laforge/97d9a21f890e938a.png","laughtom":"https://emoji.slack-edge.com/T09LQ7E9E/laughtom/d594824aabca6597.png","le_gasp":"https://emoji.slack-edge.com/T09LQ7E9E/le_gasp/23d807cdeaca9cb3.png","letsfindout":"https://emoji.slack-edge.com/T09LQ7E9E/letsfindout/eb527ebc554b2975.png","linux-tux":"https://emoji.slack-edge.com/T09LQ7E9E/linux-tux/73a3cef538d0f7cf.png","lol":"https://emoji.slack-edge.com/T09LQ7E9E/lol/6a1c507129678935.jpg","lolcry":"https://emoji.slack-edge.com/T09LQ7E9E/lolcry/d667cf65a9aa624c.png","lolol":"https://emoji.slack-edge.com/T09LQ7E9E/lolol/89a7098650b48c19.gif","lolsob":"https://emoji.slack-edge.com/T09LQ7E9E/lolsob/f5a7630c08ccb299.jpg","machinegun":"https://emoji.slack-edge.com/T09LQ7E9E/machinegun/b79fc4edc6c57639.png","mandalorian":"https://emoji.slack-edge.com/T09LQ7E9E/mandalorian/89969eb3554911f1.png","mcp":"https://emoji.slack-edge.com/T09LQ7E9E/mcp/2cafb39e7b2ae884.png","meek-doge":"https://emoji.slack-edge.com/T09LQ7E9E/meek-doge/87a3732d27d334f8.png","members_only":"https://emoji.slack-edge.com/T09LQ7E9E/members_only/6c4fc4080577b0e0.jpg","meow-party":"https://emoji.slack-edge.com/T09LQ7E9E/meow-party/cc54e3159bdf38f8.gif","meow_blush":"https://emoji.slack-edge.com/T09LQ7E9E/meow_blush/5d96a54840cf9855.png","meow_heart_bongo":"https://emoji.slack-edge.com/T09LQ7E9E/meow_heart_bongo/e78fece7c7a9da16.gif","metal":"https://emoji.slack-edge.com/T09LQ7E9E/metal/9f936a4278.png","micdrop":"https://emoji.slack-edge.com/T09LQ7E9E/micdrop/c681e073605ba428.jpg","minihelper":"https://emoji.slack-edge.com/T09LQ7E9E/minihelper/256eb56910238693.png","minime":"https://emoji.slack-edge.com/T09LQ7E9E/minime/b62e59e74ef201f5.png","morgan-freeman":"https://emoji.slack-edge.com/T09LQ7E9E/morgan-freeman/5aba354149be5ff1.png","morty":"https://emoji.slack-edge.com/T09LQ7E9E/morty/e9228d23ea3f9585.png","motherof":"https://emoji.slack-edge.com/T09LQ7E9E/motherof/89f2ba584b0c9421.png","mrmeseeks":"https://emoji.slack-edge.com/T09LQ7E9E/mrmeseeks/12f5c754d016ef8b.jpg","ms_pacman":"https://emoji.slack-edge.com/T09LQ7E9E/ms_pacman/e9908d2519d3f823.gif","naffy":"https://emoji.slack-edge.com/T09LQ7E9E/naffy/885ff14311a1ec57.png","naffy-mischevious":"https://emoji.slack-edge.com/T09LQ7E9E/naffy-mischevious/f2f8a0b7c01a58c2.png","naffy-sparkle":"https://emoji.slack-edge.com/T09LQ7E9E/naffy-sparkle/c31a75fbe68a97be.gif","napalm":"https://emoji.slack-edge.com/T09LQ7E9E/napalm/535b5106e8ba1e6a.png","nautobot":"https://emoji.slack-edge.com/T09LQ7E9E/nautobot/d493f262044b2010.png","nautobot-party":"https://emoji.slack-edge.com/T09LQ7E9E/nautobot-party/539a99826f793624.gif","nautobot_intensifies":"https://emoji.slack-edge.com/T09LQ7E9E/nautobot_intensifies/30e3c93760d7ac2f.gif","navy":"https://emoji.slack-edge.com/T09LQ7E9E/navy/7630845114ec6c2a.png","neckbeard":"https://emoji.slack-edge.com/T09LQ7E9E/neckbeard/c8ec7bf188.png","netbox":"https://emoji.slack-edge.com/T09LQ7E9E/netbox/093ff7f235878716.png","netpalm":"https://emoji.slack-edge.com/T09LQ7E9E/netpalm/b081af9babbf4717.png","network":"https://emoji.slack-edge.com/T09LQ7E9E/network/d4b905accfb222af.png","nice":"https://emoji.slack-edge.com/T09LQ7E9E/nice/5fdb844dacbd049e.jpg","no-internet":"https://emoji.slack-edge.com/T09LQ7E9E/no-internet/bf22f78ddd4392f8.png","nod":"https://emoji.slack-edge.com/T09LQ7E9E/nod/630c0b26946ac063.gif","nodders":"https://emoji.slack-edge.com/T09LQ7E9E/nodders/c529304d0ce878cf.gif","noice":"https://emoji.slack-edge.com/T09LQ7E9E/noice/d5301a1dbfc193b2.gif","nornir":"https://emoji.slack-edge.com/T09LQ7E9E/nornir/01e3355d6c47a114.png","north_american_fiber_seeking_backhoe":"https://emoji.slack-edge.com/T09LQ7E9E/north_american_fiber_seeking_backhoe/7379fa443d274914.png","not-my-problem":"https://emoji.slack-edge.com/T09LQ7E9E/not-my-problem/f0ae4376932ce24e.png","notbad":"https://emoji.slack-edge.com/T09LQ7E9E/notbad/cadee56ab1a81d5c.jpg","notstonks":"https://emoji.slack-edge.com/T09LQ7E9E/notstonks/6735d6b8130002ed.png","ntc":"https://emoji.slack-edge.com/T09LQ7E9E/ntc/fc6eae6904184703.png","nuke":"https://emoji.slack-edge.com/T09LQ7E9E/nuke/15a010c582403a23.gif","octocat":"https://emoji.slack-edge.com/T09LQ7E9E/octocat/627964d7c9.png","ohno":"https://emoji.slack-edge.com/T09LQ7E9E/ohno/2ab9659e2c02db06.png","ohyeah":"https://emoji.slack-edge.com/T09LQ7E9E/ohyeah/b04fc98952bead08.png","old-man-yells-at-aws":"https://emoji.slack-edge.com/T09LQ7E9E/old-man-yells-at-aws/66e250be37fa9c76.png","oldman":"https://emoji.slack-edge.com/T09LQ7E9E/oldman/67525d85b6417276.jpg","oof":"https://emoji.slack-edge.com/T09LQ7E9E/oof/d74ecd47da461609.png","ozflag":"alias:flag-au","paloalto":"https://emoji.slack-edge.com/T09LQ7E9E/paloalto/d0eced7d4cff59b1.png","panic":"https://emoji.slack-edge.com/T09LQ7E9E/panic/1bbbfe6a7971601c.gif","parrotdoge":"https://emoji.slack-edge.com/T09LQ7E9E/parrotdoge/dd31bd30b086878d.gif","party-blob":"https://emoji.slack-edge.com/T09LQ7E9E/party-blob/ab1c6a116edec7b5.gif","party-dinosaur":"https://emoji.slack-edge.com/T09LQ7E9E/party-dinosaur/7f436445eca48b01.gif","party-parrott":"https://emoji.slack-edge.com/T09LQ7E9E/party-parrott/f3bda4bbb3ded0cf.gif","party-wizard":"https://emoji.slack-edge.com/T09LQ7E9E/party-wizard/cd04148b8b826339.gif","partycorgi":"https://emoji.slack-edge.com/T09LQ7E9E/partycorgi/114a96e6998974ab.gif","partywalrus":"https://emoji.slack-edge.com/T09LQ7E9E/partywalrus/467c20ef5c71787a.gif","philosoraptor":"https://emoji.slack-edge.com/T09LQ7E9E/philosoraptor/f36ec88c6d6b3396.png","picklerick":"https://emoji.slack-edge.com/T09LQ7E9E/picklerick/ef1f351472050f06.png","picklerick_ani":"https://emoji.slack-edge.com/T09LQ7E9E/picklerick_ani/b8f22ae0c0c60d70.gif","pickolas-cage":"https://emoji.slack-edge.com/T09LQ7E9E/pickolas-cage/e3699f34dfc78460.png","piggy":"https://emoji.slack-edge.com/T09LQ7E9E/piggy/b7762ee8cd.png","pikachu_wave":"https://emoji.slack-edge.com/T09LQ7E9E/pikachu_wave/bd4428bbab6ce18a.gif","pimp":"https://emoji.slack-edge.com/T09LQ7E9E/pimp/427407c98c340dff.gif","plus1":"https://emoji.slack-edge.com/T09LQ7E9E/plus1/bb3e43220d1f0805.jpg","pony_clap":"https://emoji.slack-edge.com/T09LQ7E9E/pony_clap/dcd0b0d07336f11a.gif","poopie":"https://emoji.slack-edge.com/T09LQ7E9E/poopie/bbd0a3effb4eaf0c.gif","poppy":"https://emoji.slack-edge.com/T09LQ7E9E/poppy/7c6d1ead9f19debc.png","poutine":"https://emoji.slack-edge.com/T09LQ7E9E/poutine/390f4d2525281e0d.png","pride":"https://emoji.slack-edge.com/T09LQ7E9E/pride/56b1bd3388.png","printing-money":"https://emoji.slack-edge.com/T09LQ7E9E/printing-money/3f70558bedc99fad.gif","psyduck":"https://emoji.slack-edge.com/T09LQ7E9E/psyduck/bf51e177663d4e15.gif","pundog":"https://emoji.slack-edge.com/T09LQ7E9E/pundog/9aa3ebc039562907.png","python":"https://emoji.slack-edge.com/T09LQ7E9E/python/8c94e6a0564440f2.png","quagmire":"https://emoji.slack-edge.com/T09LQ7E9E/quagmire/ed767a40750b2fc0.gif","rackspace":"https://emoji.slack-edge.com/T09LQ7E9E/rackspace/fe81efa9546efcaf.png","radioactive":"https://emoji.slack-edge.com/T09LQ7E9E/radioactive/1ac393d79a89e716.png","rage1":"https://emoji.slack-edge.com/T09LQ7E9E/rage1/0c3685290c.png","rage2":"https://emoji.slack-edge.com/T09LQ7E9E/rage2/feaf8897c6.png","rage3":"https://emoji.slack-edge.com/T09LQ7E9E/rage3/8e11678fbf.png","rage4":"https://emoji.slack-edge.com/T09LQ7E9E/rage4/a8029a3996.png","rage5":"https://emoji.slack-edge.com/T09LQ7E9E/rage5/0f883f644ca7af19.png","rainmoney":"https://emoji.slack-edge.com/T09LQ7E9E/rainmoney/f39afc5659add6c3.gif","ralph":"https://emoji.slack-edge.com/T09LQ7E9E/ralph/55fbd41bb0594464.gif","rami-excite":"https://emoji.slack-edge.com/T09LQ7E9E/rami-excite/5657566f6f9cfa25.gif","redhat":"https://emoji.slack-edge.com/T09LQ7E9E/redhat/53fce67cc5847e94.png","redsiren":"https://emoji.slack-edge.com/T09LQ7E9E/redsiren/64f797264747984b.gif","resistance":"https://emoji.slack-edge.com/T09LQ7E9E/resistance/63294284d453bee4.png","rip":"https://emoji.slack-edge.com/T09LQ7E9E/rip/530ed1940926411b.png","rocketturtle":"https://emoji.slack-edge.com/T09LQ7E9E/rocketturtle/124e29f2a679df37.png","roll_safe":"https://emoji.slack-edge.com/T09LQ7E9E/roll_safe/0757782e63897bbb.png","roma-victor":"https://emoji.slack-edge.com/T09LQ7E9E/roma-victor/ed821003dad4cc33.gif","roma_victor":"https://emoji.slack-edge.com/T09LQ7E9E/roma_victor/b59766c6daf15103.gif","router":"https://emoji.slack-edge.com/T09LQ7E9E/router/01ea21d3ec826c68.png","rpg":"https://emoji.slack-edge.com/T09LQ7E9E/rpg/b280cc03bd344991.png","rubber-duck":"https://emoji.slack-edge.com/T09LQ7E9E/rubber-duck/57efb7cddeef6707.png","rubberducky":"https://emoji.slack-edge.com/T09LQ7E9E/rubberducky/300e30e6b135eca1.jpg","rube":"https://emoji.slack-edge.com/T09LQ7E9E/rube/74ef8ef199.png","rust":"https://emoji.slack-edge.com/T09LQ7E9E/rust/58bac04d587ecbf4.png","s":"https://emoji.slack-edge.com/T09LQ7E9E/s/9c6f20051446c755.jpg","sad_af":"https://emoji.slack-edge.com/T09LQ7E9E/sad_af/39e8a36a912f0c80.gif","sadpanda":"https://emoji.slack-edge.com/T09LQ7E9E/sadpanda/aeab9e3507906a45.png","saladfingers":"https://emoji.slack-edge.com/T09LQ7E9E/saladfingers/ea92118af0219c2f.png","salt1":"https://emoji.slack-edge.com/T09LQ7E9E/salt1/d316eb74471aca3c.png","saltstack":"https://emoji.slack-edge.com/T09LQ7E9E/saltstack/deebcc5df11a3871.png","sarcasm":"alias:upside_down_face","satisfied_seal":"https://emoji.slack-edge.com/T09LQ7E9E/satisfied_seal/2699ffba039fc9fc.png","saundazzz":"https://emoji.slack-edge.com/T09LQ7E9E/saundazzz/30256be4130d05ee.png","savage":"https://emoji.slack-edge.com/T09LQ7E9E/savage/69d6aefd64249178.png","scrabble_a":"https://emoji.slack-edge.com/T09LQ7E9E/scrabble_a/e06f6e81afa6795b.jpg","scrabble_b":"https://emoji.slack-edge.com/T09LQ7E9E/scrabble_b/88bc9622b8f00553.jpg","scrabble_c":"https://emoji.slack-edge.com/T09LQ7E9E/scrabble_c/fadaf96504564b3c.jpg","scrabble_d":"https://emoji.slack-edge.com/T09LQ7E9E/scrabble_d/b1c3c20b7ea7cdfa.jpg","scrabble_e":"https://emoji.slack-edge.com/T09LQ7E9E/scrabble_e/99857faeac88a182.jpg","scrabble_f":"https://emoji.slack-edge.com/T09LQ7E9E/scrabble_f/3388b3ed659bd872.jpg","scrabble_g":"https://emoji.slack-edge.com/T09LQ7E9E/scrabble_g/1692679067fd6a79.jpg","scrabble_h":"https://emoji.slack-edge.com/T09LQ7E9E/scrabble_h/650ef7bef916761b.jpg","scrabble_i":"https://emoji.slack-edge.com/T09LQ7E9E/scrabble_i/6b0df4f029be20b3.jpg","scrabble_j":"https://emoji.slack-edge.com/T09LQ7E9E/scrabble_j/f6fd14e7f3ecb4ec.jpg","scrabble_k":"https://emoji.slack-edge.com/T09LQ7E9E/scrabble_k/e0c1fc2c660b413f.jpg","scrabble_l":"https://emoji.slack-edge.com/T09LQ7E9E/scrabble_l/1b65cd8efa849066.jpg","scrabble_m":"https://emoji.slack-edge.com/T09LQ7E9E/scrabble_m/b481f5e78743887b.jpg","scrabble_n":"https://emoji.slack-edge.com/T09LQ7E9E/scrabble_n/5bdedfa62211947a.jpg","scrabble_o":"https://emoji.slack-edge.com/T09LQ7E9E/scrabble_o/98d8b8c0cb9b9289.jpg","scrabble_p":"https://emoji.slack-edge.com/T09LQ7E9E/scrabble_p/4c0c6408b1796b45.jpg","scrabble_q":"https://emoji.slack-edge.com/T09LQ7E9E/scrabble_q/63305e827a6e94ad.jpg","scrabble_r":"https://emoji.slack-edge.com/T09LQ7E9E/scrabble_r/14022241d06b713d.jpg","scrabble_s":"https://emoji.slack-edge.com/T09LQ7E9E/scrabble_s/76ce156c7448325a.jpg","scrabble_t":"https://emoji.slack-edge.com/T09LQ7E9E/scrabble_t/780d5a1754ebc2e1.jpg","scrabble_u":"https://emoji.slack-edge.com/T09LQ7E9E/scrabble_u/6528cadce679f85e.jpg","scrabble_v":"https://emoji.slack-edge.com/T09LQ7E9E/scrabble_v/16c9ec93c49586d3.jpg","scrabble_w":"https://emoji.slack-edge.com/T09LQ7E9E/scrabble_w/249fee45c148770c.jpg","scrabble_x":"https://emoji.slack-edge.com/T09LQ7E9E/scrabble_x/47a66631aed985ff.jpg","scrabble_y":"https://emoji.slack-edge.com/T09LQ7E9E/scrabble_y/bbf8e90ea83ee758.jpg","scrabble_z":"https://emoji.slack-edge.com/T09LQ7E9E/scrabble_z/75de7d41cb020432.jpg","scratitsmine":"https://emoji.slack-edge.com/T09LQ7E9E/scratitsmine/8c87741f6da715d6.jpg","scratmiammm":"https://emoji.slack-edge.com/T09LQ7E9E/scratmiammm/99efea9c7ae8b5d8.jpg","scratwhat":"https://emoji.slack-edge.com/T09LQ7E9E/scratwhat/8df1b3d681334f53.gif","seems_legit":"https://emoji.slack-edge.com/T09LQ7E9E/seems_legit/588d8285b9e8094b.gif","server_fire":"https://emoji.slack-edge.com/T09LQ7E9E/server_fire/1b8df373e11219c6.png","several_people_are_typing":"https://emoji.slack-edge.com/T09LQ7E9E/several_people_are_typing/a40d84e022db3735.png","shame":"https://emoji.slack-edge.com/T09LQ7E9E/shame/fe240339ce7bf0ad.png","shart":"https://emoji.slack-edge.com/T09LQ7E9E/shart/387abd3b6f4c97ed.png","shh":"https://emoji.slack-edge.com/T09LQ7E9E/shh/219eb8b9cb12dfba.jpg","shipit":"alias:squirrel","shippable":"https://emoji.slack-edge.com/T09LQ7E9E/shippable/f175ee050b0dc10a.png","shit-post":"https://emoji.slack-edge.com/T09LQ7E9E/shit-post/30147b1d43438e7c.png","shit-show":"https://emoji.slack-edge.com/T09LQ7E9E/shit-show/c4721995ab3af307.jpg","shit-show2":"https://emoji.slack-edge.com/T09LQ7E9E/shit-show2/741f3e6bcdcd3b7b.png","shitstorm":"https://emoji.slack-edge.com/T09LQ7E9E/shitstorm/5fc76b1c689dbe64.gif","shotgun":"https://emoji.slack-edge.com/T09LQ7E9E/shotgun/cb0b2a6919c224f3.png","side_eye_chloe":"https://emoji.slack-edge.com/T09LQ7E9E/side_eye_chloe/52a1776d13dc6884.jpg","simple_smile":"https://a.slack-edge.com/80588/img/emoji_2017_12_06/apple/simple_smile.png","skofe":"https://emoji.slack-edge.com/T09LQ7E9E/skofe/922dd9c8cff5eba1.png","slack":"https://emoji.slack-edge.com/T09LQ7E9E/slack/7d462d2443.png","slack_call":"https://emoji.slack-edge.com/T09LQ7E9E/slack_call/b81fffd6dd.png","slowlybacksaway":"https://emoji.slack-edge.com/T09LQ7E9E/slowlybacksaway/8e5c656f214d0771.gif","slowpoke":"https://emoji.slack-edge.com/T09LQ7E9E/slowpoke/8fc8396bb38fa60f.png","smarunich":"alias:question","smh":"https://emoji.slack-edge.com/T09LQ7E9E/smh/4446732ee5fc6d06.gif","smug-cisco-guy":"https://emoji.slack-edge.com/T09LQ7E9E/smug-cisco-guy/1e6122e40eff16a3.png","soapbox":"https://emoji.slack-edge.com/T09LQ7E9E/soapbox/fc0dcd8db3f1d448.png","spacedoge":"https://emoji.slack-edge.com/T09LQ7E9E/spacedoge/96c668f24ba87128.png","spam":"https://emoji.slack-edge.com/T09LQ7E9E/spam/7e150f19793190f2.jpg","spear":"https://emoji.slack-edge.com/T09LQ7E9E/spear/e9618ec9c8ab5f77.png","spiderman-pointing":"https://emoji.slack-edge.com/T09LQ7E9E/spiderman-pointing/d7340cb1eb82e1b0.png","spin-thonk":"https://emoji.slack-edge.com/T09LQ7E9E/spin-thonk/bfe092e37f1c3925.gif","spinner":"https://emoji.slack-edge.com/T09LQ7E9E/spinner/37b0b90f2a89622c.gif","squirrel":"https://emoji.slack-edge.com/T09LQ7E9E/squirrel/465f40c0e0.png","stab":"https://emoji.slack-edge.com/T09LQ7E9E/stab/50810bdb834a7a12.gif","staircar":"https://emoji.slack-edge.com/T09LQ7E9E/staircar/bd2c0f60412f39ca.png","stark":"https://emoji.slack-edge.com/T09LQ7E9E/stark/ad05293504e2fea6.jpg","stout":"https://emoji.slack-edge.com/T09LQ7E9E/stout/99c84fea857aeca9.jpg","sublime":"alias:sublime-text","sublime-text":"https://emoji.slack-edge.com/T09LQ7E9E/sublime-text/d67a8ae5c80f6ee8.png","success-kid":"https://emoji.slack-edge.com/T09LQ7E9E/success-kid/57bc67542f20e749.png","sunglasses-cry":"https://emoji.slack-edge.com/T09LQ7E9E/sunglasses-cry/389b42fcd08410d8.png","super_eager":"https://emoji.slack-edge.com/T09LQ7E9E/super_eager/b2a861360ab3cb94.gif","super_excited":"https://emoji.slack-edge.com/T09LQ7E9E/super_excited/aa3bb2462a53952b.gif","surprisedpika":"https://emoji.slack-edge.com/T09LQ7E9E/surprisedpika/369d5b6f68e12bc3.png","sus":"https://emoji.slack-edge.com/T09LQ7E9E/sus/55336e7a7c01aac1.gif","suspect":"https://emoji.slack-edge.com/T09LQ7E9E/suspect/ca4ab3c7c7.png","suspicious":"https://emoji.slack-edge.com/T09LQ7E9E/suspicious/66d80a6516bb4628.gif","sweat-sigh":"https://emoji.slack-edge.com/T09LQ7E9E/sweat-sigh/e48c7d8591789f64.gif","swingline":"https://emoji.slack-edge.com/T09LQ7E9E/swingline/459ad8c8d0c87eff.jpg","t":"https://emoji.slack-edge.com/T09LQ7E9E/t/b4f6d3f188cfb9ea.jpg","t-hanks":"https://emoji.slack-edge.com/T09LQ7E9E/t-hanks/d19c075524d2accb.png","table-flip":"https://emoji.slack-edge.com/T09LQ7E9E/table-flip/e21482cb27e4c332.png","tableflip":"https://emoji.slack-edge.com/T09LQ7E9E/tableflip/45ecb37c9262a23d.png","take_my_money":"https://emoji.slack-edge.com/T09LQ7E9E/take_my_money/a0d10ca711adb81a.png","takemymoney":"https://emoji.slack-edge.com/T09LQ7E9E/takemymoney/71c1669322693cee.png","tbot":"https://emoji.slack-edge.com/T09LQ7E9E/tbot/c46f0787a1595f7f.png","teamsfire":"https://emoji.slack-edge.com/T09LQ7E9E/teamsfire/7654e9265abccc59.png","ted-cruz-is-the-zodiac-killer":"https://emoji.slack-edge.com/T09LQ7E9E/ted-cruz-is-the-zodiac-killer/1b8949a9a6252f92.png","tellme":"https://emoji.slack-edge.com/T09LQ7E9E/tellme/0dfb39df0fc364b4.jpg","tesla":"https://emoji.slack-edge.com/T09LQ7E9E/tesla/b4e8b3b049008436.png","thank":"https://emoji.slack-edge.com/T09LQ7E9E/thank/82ea90f3580d40e7.png","thanks":"https://emoji.slack-edge.com/T09LQ7E9E/thanks/650b983c9707bf68.gif","thankyou":"https://emoji.slack-edge.com/T09LQ7E9E/thankyou/5a8e22ae962ee0e4.png","themoreyouknow":"https://emoji.slack-edge.com/T09LQ7E9E/themoreyouknow/cc81c5008051fa02.gif","theonering":"https://emoji.slack-edge.com/T09LQ7E9E/theonering/bede31d322360ee8.png","thereallyrealforrealthistimerealanker":"https://emoji.slack-edge.com/T09LQ7E9E/thereallyrealforrealthistimerealanker/57a1fe57f38f5a0d.png","thinkman":"https://emoji.slack-edge.com/T09LQ7E9E/thinkman/e706a90a9d6589f6.jpg","this":"https://emoji.slack-edge.com/T09LQ7E9E/this/c51b0f9efa8dc7fc.png","this-is-the-way":"alias:mandalorian","this_is_fine":"https://emoji.slack-edge.com/T09LQ7E9E/this_is_fine/66b09cff760fd6f0.png","this_is_fine_fire":"https://emoji.slack-edge.com/T09LQ7E9E/this_is_fine_fire/0a6df23c27b1446e.gif","thisisfine":"https://emoji.slack-edge.com/T09LQ7E9E/thisisfine/2e30f24bc66fa765.gif","thisistotallyfine":"https://emoji.slack-edge.com/T09LQ7E9E/thisistotallyfine/907129d139f4897c.gif","thread_plz":"https://emoji.slack-edge.com/T09LQ7E9E/thread_plz/045c03192c8dbea8.png","thumbsup_all":"https://emoji.slack-edge.com/T09LQ7E9E/thumbsup_all/50096a1020.png","tide_pod":"https://emoji.slack-edge.com/T09LQ7E9E/tide_pod/8cba1b0928c7b1c5.jpg","til":"https://emoji.slack-edge.com/T09LQ7E9E/til/c9084f8c5e98808d.jpg","tinfoil":"https://emoji.slack-edge.com/T09LQ7E9E/tinfoil/680daa37cd6f7fdd.gif","tmm":"https://emoji.slack-edge.com/T09LQ7E9E/tmm/403aa210b5f2725c.png","tmmm":"https://emoji.slack-edge.com/T09LQ7E9E/tmmm/241995fbf9dbdc7f.png","tomlaugh":"https://emoji.slack-edge.com/T09LQ7E9E/tomlaugh/e613a2826674a997.png","too-real":"https://emoji.slack-edge.com/T09LQ7E9E/too-real/1252be0519c7c15d.png","toot":"https://emoji.slack-edge.com/T09LQ7E9E/toot/2421606f248c91dd.png","tp":"https://emoji.slack-edge.com/T09LQ7E9E/tp/4be28747b27c63eb.png","tree-fiddy":"https://emoji.slack-edge.com/T09LQ7E9E/tree-fiddy/2f579d871392be1d.png","triggered":"https://emoji.slack-edge.com/T09LQ7E9E/triggered/19874245f800d15d.gif","triggered2":"https://emoji.slack-edge.com/T09LQ7E9E/triggered2/5dab08f1feeaf46b.gif","trolldance":"https://emoji.slack-edge.com/T09LQ7E9E/trolldance/61d4ad8647a9f5dd.gif","trollface":"https://emoji.slack-edge.com/T09LQ7E9E/trollface/8c0ac4ae98.png","truestory":"https://emoji.slack-edge.com/T09LQ7E9E/truestory/86b6362bd1738b6c.jpg","trump":"https://emoji.slack-edge.com/T09LQ7E9E/trump/f8da46dfd570edc0.png","try-not-to-cry":"https://emoji.slack-edge.com/T09LQ7E9E/try-not-to-cry/8bc7146aba8d542e.gif","try_not_to_cry":"https://emoji.slack-edge.com/T09LQ7E9E/try_not_to_cry/abe69a34bcb328f4.gif","tsmc-intensifies":"https://emoji.slack-edge.com/T09LQ7E9E/tsmc-intensifies/432d601c0b8b8712.gif","tumbleweed":"https://emoji.slack-edge.com/T09LQ7E9E/tumbleweed/60f701d4321cf122.gif","turd-polish":"https://emoji.slack-edge.com/T09LQ7E9E/turd-polish/5701045758799a7f.png","turkeydance":"https://emoji.slack-edge.com/T09LQ7E9E/turkeydance/f6b6ead3418bfea6.gif","tux":"https://emoji.slack-edge.com/T09LQ7E9E/tux/dfefec3979f12417.png","twins-parrot":"https://emoji.slack-edge.com/T09LQ7E9E/twins-parrot/fb923ce577805faa.gif","twitter-verified":"https://emoji.slack-edge.com/T09LQ7E9E/twitter-verified/e0923548d2bc8d46.jpg","two-buttons":"https://emoji.slack-edge.com/T09LQ7E9E/two-buttons/afe950ce4134fafe.png","twss":"https://emoji.slack-edge.com/T09LQ7E9E/twss/7f923203a2bab85d.jpg","ty":"https://emoji.slack-edge.com/T09LQ7E9E/ty/3cd5ce14c3284664.png","tyler_turkey_big_a":"https://emoji.slack-edge.com/T09LQ7E9E/tyler_turkey_big_a/2f30614a82afdec2.png","tyler_turkey_big_b":"https://emoji.slack-edge.com/T09LQ7E9E/tyler_turkey_big_b/4651d953b37c13f0.png","tyler_turkey_big_c":"https://emoji.slack-edge.com/T09LQ7E9E/tyler_turkey_big_c/83a87be2291f9b51.png","tyler_turkey_big_d":"https://emoji.slack-edge.com/T09LQ7E9E/tyler_turkey_big_d/23cbdadf7e6c7351.png","tyler_turkey_big_e":"https://emoji.slack-edge.com/T09LQ7E9E/tyler_turkey_big_e/d934326e09dcacf3.png","tyler_turkey_big_f":"https://emoji.slack-edge.com/T09LQ7E9E/tyler_turkey_big_f/8b7c75f6ff000986.png","tyler_turkey_big_g":"https://emoji.slack-edge.com/T09LQ7E9E/tyler_turkey_big_g/71eea2d849dd8a79.png","tyler_turkey_big_h":"https://emoji.slack-edge.com/T09LQ7E9E/tyler_turkey_big_h/71eea2d849dd8a79.png","tyler_turkey_big_i":"https://emoji.slack-edge.com/T09LQ7E9E/tyler_turkey_big_i/c202705ddbf6a128.png","tylerfax":"https://emoji.slack-edge.com/T09LQ7E9E/tylerfax/53ea74a7480bf961.png","tylerfax_darkmode":"https://emoji.slack-edge.com/T09LQ7E9E/tylerfax_darkmode/2a5a634f720980c8.png","typing":"https://emoji.slack-edge.com/T09LQ7E9E/typing/1a1840d095ba6a74.gif","tyson":"https://emoji.slack-edge.com/T09LQ7E9E/tyson/0380f4fa76e62832.png","udontsay":"https://emoji.slack-edge.com/T09LQ7E9E/udontsay/c5714270b098c5e1.png","uhhh":"https://emoji.slack-edge.com/T09LQ7E9E/uhhh/45f1278e9425e598.gif","ultra_fast_parrot":"https://emoji.slack-edge.com/T09LQ7E9E/ultra_fast_parrot/1ed37a5227c15678.gif","unacceptable":"https://emoji.slack-edge.com/T09LQ7E9E/unacceptable/1ed37a5227c15678.png","understood_that_reference":"https://emoji.slack-edge.com/T09LQ7E9E/understood_that_reference/51fb103b6d08d4a4.png","underwear":"https://emoji.slack-edge.com/T09LQ7E9E/underwear/a9132b9ba169e6f9.png","uno-reverse":"https://emoji.slack-edge.com/T09LQ7E9E/uno-reverse/beb0e16a86c5335d.png","unverified":"https://emoji.slack-edge.com/T09LQ7E9E/unverified/7a15245cbd14beb1.jpg","unverified2":"https://emoji.slack-edge.com/T09LQ7E9E/unverified2/0fb827ac655f7bcc.png","upvote-party-parrot":"https://emoji.slack-edge.com/T09LQ7E9E/upvote-party-parrot/fff32691ac66123c.gif","upward_stonks":"https://emoji.slack-edge.com/T09LQ7E9E/upward_stonks/ff16c7cd8f6f4ec6.png","urwrong":"https://emoji.slack-edge.com/T09LQ7E9E/urwrong/65d89be24275fad7.gif","us-voted":"https://emoji.slack-edge.com/T09LQ7E9E/us-voted/55379d1e47400b15.png","usmc":"https://emoji.slack-edge.com/T09LQ7E9E/usmc/c33a59f349359bcf.png","vadersaber":"https://emoji.slack-edge.com/T09LQ7E9E/vadersaber/c7de3dd4bcdda038.png","vanilla_ice":"https://emoji.slack-edge.com/T09LQ7E9E/vanilla_ice/1892fcecdef2c4f9.jpg","vaultboy":"https://emoji.slack-edge.com/T09LQ7E9E/vaultboy/290959016f09c182.png","vclown":"https://emoji.slack-edge.com/T09LQ7E9E/vclown/21f55208028381ab.jpg","velociraptor":"https://emoji.slack-edge.com/T09LQ7E9E/velociraptor/c86590447a6b1d54.png","verified":"https://emoji.slack-edge.com/T09LQ7E9E/verified/ee723722ae577bce.png","very_nice":"https://emoji.slack-edge.com/T09LQ7E9E/very_nice/2f1c2d5cfea76b22.jpg","verycool":"https://emoji.slack-edge.com/T09LQ7E9E/verycool/2ed0b6decbbc7bed.png","verymetal":"https://emoji.slack-edge.com/T09LQ7E9E/verymetal/09b5db1a4f26f23b.gif","vim":"https://emoji.slack-edge.com/T09LQ7E9E/vim/7aae59f3227c8d03.png","virus":"https://emoji.slack-edge.com/T09LQ7E9E/virus/5db3cd8370eff581.png","vodka":"https://emoji.slack-edge.com/T09LQ7E9E/vodka/91748c517a67a442.png","vova":"https://emoji.slack-edge.com/T09LQ7E9E/vova/5e38dc2888d4158e.png","vova-must-do-or-else":"https://emoji.slack-edge.com/T09LQ7E9E/vova-must-do-or-else/5c98d0ccb3774bb4.png","vscode":"https://emoji.slack-edge.com/T09LQ7E9E/vscode/8886326aa2bed39e.png","vue":"https://emoji.slack-edge.com/T09LQ7E9E/vue/a081175e564af7c3.png","wait":"https://emoji.slack-edge.com/T09LQ7E9E/wait/a081175e564af7c3.gif","waiting_patiently":"https://emoji.slack-edge.com/T09LQ7E9E/waiting_patiently/07961d6643afe437.png","walking_dead":"https://emoji.slack-edge.com/T09LQ7E9E/walking_dead/e2f872b97217b525.gif","wand":"https://emoji.slack-edge.com/T09LQ7E9E/wand/6de27f850a0a49d9.png","wasnt_me":"https://emoji.slack-edge.com/T09LQ7E9E/wasnt_me/9468216a82f1d164.jpg","wat":"https://emoji.slack-edge.com/T09LQ7E9E/wat/cb081f875ef8cd37.jpg","wat-2":"https://emoji.slack-edge.com/T09LQ7E9E/wat-2/0dbe1f129c414709.png","watching-you":"https://emoji.slack-edge.com/T09LQ7E9E/watching-you/746d0a330b4ff5c5.gif","watchingyou":"https://emoji.slack-edge.com/T09LQ7E9E/watchingyou/55d235a7203c9b1a.gif","weak_doge":"https://emoji.slack-edge.com/T09LQ7E9E/weak_doge/84fa381d002625d9.png","wednesday":"https://emoji.slack-edge.com/T09LQ7E9E/wednesday/2e8f81cfb4b22ef4.png","wednesday-dance":"https://emoji.slack-edge.com/T09LQ7E9E/wednesday-dance/ecfe15e40d0adf58.gif","weed":"https://emoji.slack-edge.com/T09LQ7E9E/weed/60acf16b17624348.png","welcome":"https://emoji.slack-edge.com/T09LQ7E9E/welcome/dfa12bcf1b6be8b7.jpg","wellplayed":"https://emoji.slack-edge.com/T09LQ7E9E/wellplayed/c63eb25d19d3c8b1.jpg","wendy-parrot":"https://emoji.slack-edge.com/T09LQ7E9E/wendy-parrot/df66824f1162c257.gif","what":"https://emoji.slack-edge.com/T09LQ7E9E/what/cf5195066a07504c.png","what_year_is_it":"https://emoji.slack-edge.com/T09LQ7E9E/what_year_is_it/babb94768c184278.png","whatever":"https://emoji.slack-edge.com/T09LQ7E9E/whatever/f24ba555de57f2eb.png","whew":"https://emoji.slack-edge.com/T09LQ7E9E/whew/4a8e1dfd8e75edfc.gif","whew-2":"https://emoji.slack-edge.com/T09LQ7E9E/whew-2/13986a6150419d5a.gif","whining":"https://emoji.slack-edge.com/T09LQ7E9E/whining/a1bc301654fde4a5.gif","whip":"https://emoji.slack-edge.com/T09LQ7E9E/whip/68b47823b378f055.gif","white_square":"alias:white_large_square","whoa":"https://emoji.slack-edge.com/T09LQ7E9E/whoa/898046e263c5cb55.jpg","whoa-neo":"https://emoji.slack-edge.com/T09LQ7E9E/whoa-neo/0db211a47bdb779e.png","whoaguys":"https://emoji.slack-edge.com/T09LQ7E9E/whoaguys/8d34508a003a9ef1.png","whodis":"https://emoji.slack-edge.com/T09LQ7E9E/whodis/b1513d8599ef5bd2.gif","whut":"https://emoji.slack-edge.com/T09LQ7E9E/whut/b8ecba3a047bf494.png","why-not-both":"https://emoji.slack-edge.com/T09LQ7E9E/why-not-both/2632a424f6775e7f.gif","whynotboth":"https://emoji.slack-edge.com/T09LQ7E9E/whynotboth/764ea450b18a15d4.jpg","wide_eye_pepe":"https://emoji.slack-edge.com/T09LQ7E9E/wide_eye_pepe/1d23fd34cf67b8be.png","wild":"https://emoji.slack-edge.com/T09LQ7E9E/wild/4478bb94f028df50.gif","will_smith_pointing_left":"https://emoji.slack-edge.com/T09LQ7E9E/will_smith_pointing_left/7c419f3c2b468935.png","will_smith_pointing_right":"https://emoji.slack-edge.com/T09LQ7E9E/will_smith_pointing_right/1e21430b520c810c.png","willsbrain":"https://emoji.slack-edge.com/T09LQ7E9E/willsbrain/346eac7707ac411d.png","windows":"https://emoji.slack-edge.com/T09LQ7E9E/windows/94138a465e39f81f.png","wine_parrot":"https://emoji.slack-edge.com/T09LQ7E9E/wine_parrot/03423d8aaa2c5b09.gif","winning":"https://emoji.slack-edge.com/T09LQ7E9E/winning/b7238b944cbdbed1.jpg","wip":"https://emoji.slack-edge.com/T09LQ7E9E/wip/1f3bb5e9d874af71.png","wish":"https://emoji.slack-edge.com/T09LQ7E9E/wish/314e38aa88dbfb54.gif","witness-protection-parrot":"https://emoji.slack-edge.com/T09LQ7E9E/witness-protection-parrot/a964593e9a49c64b.gif","wojack_withered":"https://emoji.slack-edge.com/T09LQ7E9E/wojack_withered/b8d4b36dd9c3557a.png","wololo":"https://emoji.slack-edge.com/T09LQ7E9E/wololo/bdb5b6fe351c0748.gif","wolverine":"https://emoji.slack-edge.com/T09LQ7E9E/wolverine/af0c39715279d9a6.gif","wolverine2":"https://emoji.slack-edge.com/T09LQ7E9E/wolverine2/2ada90e76f4f6d97.png","wonderwoman":"https://emoji.slack-edge.com/T09LQ7E9E/wonderwoman/3d9affc9a04c7d4c.jpg","woohoo":"https://emoji.slack-edge.com/T09LQ7E9E/woohoo/c903ee02b6888d51.png","word":"https://emoji.slack-edge.com/T09LQ7E9E/word/b73d5fc132e644a1.png","word_":"https://emoji.slack-edge.com/T09LQ7E9E/word_/0967b2cb36f83cc7.png","words":"https://emoji.slack-edge.com/T09LQ7E9E/words/fb64b1cfbba0f9df.gif","works-on-mine":"https://emoji.slack-edge.com/T09LQ7E9E/works-on-mine/5b607db2f6e39f74.jpg","worksonmymachine":"https://emoji.slack-edge.com/T09LQ7E9E/worksonmymachine/335fcaa8f5b355c9.png","wow":"https://emoji.slack-edge.com/T09LQ7E9E/wow/d9549dc7d3f4a3af.gif","wowspin":"https://emoji.slack-edge.com/T09LQ7E9E/wowspin/c2bd6d17a3d5fd06.gif","wreck-it-ralph":"https://emoji.slack-edge.com/T09LQ7E9E/wreck-it-ralph/5be2208b6fbcfb3c.jpg","wrecking-ball":"https://emoji.slack-edge.com/T09LQ7E9E/wrecking-ball/2da29f28d5b5b9d7.gif","wrong":"https://emoji.slack-edge.com/T09LQ7E9E/wrong/ebb0d71abcafc0c5.gif","wsb":"https://emoji.slack-edge.com/T09LQ7E9E/wsb/0ac28603173cab3b.png","wtf":"https://emoji.slack-edge.com/T09LQ7E9E/wtf/4fd9743d04aecc6d.gif","wtf-face":"https://emoji.slack-edge.com/T09LQ7E9E/wtf-face/ecc09569e39f70f5.png","wtfjackie":"https://emoji.slack-edge.com/T09LQ7E9E/wtfjackie/16aa9de503de857b.jpg","wu-tang":"https://emoji.slack-edge.com/T09LQ7E9E/wu-tang/100729ff5ec33419.png","wwks":"https://emoji.slack-edge.com/T09LQ7E9E/wwks/b1090540f851d259.jpg","xojo":"https://emoji.slack-edge.com/T09LQ7E9E/xojo/f614d5434318c5bd.png","xy_problem":"https://emoji.slack-edge.com/T09LQ7E9E/xy_problem/1018f2d00188e0c8.png","xzibit":"https://emoji.slack-edge.com/T09LQ7E9E/xzibit/1fc8aca635b6b44b.png","y-tho":"https://emoji.slack-edge.com/T09LQ7E9E/y-tho/43aac6377386bcff.png","yaaaay":"https://emoji.slack-edge.com/T09LQ7E9E/yaaaay/76cbfe829c17cddb.gif","yahaha":"https://emoji.slack-edge.com/T09LQ7E9E/yahaha/1ee91592e92fa0c0.png","yankee-parrot":"https://emoji.slack-edge.com/T09LQ7E9E/yankee-parrot/e05c7a569d85a9c3.gif","yawn":"https://emoji.slack-edge.com/T09LQ7E9E/yawn/e7022736c2f10c71.gif","yawn2":"https://emoji.slack-edge.com/T09LQ7E9E/yawn2/b927d4b1ed5749a0.gif","yay":"https://emoji.slack-edge.com/T09LQ7E9E/yay/9f038b008544194a.gif","yay2":"https://emoji.slack-edge.com/T09LQ7E9E/yay2/8caee6ade46bf815.gif","yayshark":"https://emoji.slack-edge.com/T09LQ7E9E/yayshark/1e61d2ef347223b6.png","yellow_card":"https://emoji.slack-edge.com/T09LQ7E9E/yellow_card/831d65163cc8915e.png","yellsatcloud":"https://emoji.slack-edge.com/T09LQ7E9E/yellsatcloud/acfa39b8e258c7de.png","yes":"https://emoji.slack-edge.com/T09LQ7E9E/yes/73689babafbfb6ba.gif","yippie":"https://emoji.slack-edge.com/T09LQ7E9E/yippie/8ee3dd752978aec5.gif","yoda":"https://emoji.slack-edge.com/T09LQ7E9E/yoda/2060ce128d0ffe50.jpg","yodawg":"https://emoji.slack-edge.com/T09LQ7E9E/yodawg/91ead470cddef4a7.png","yoga":"https://emoji.slack-edge.com/T09LQ7E9E/yoga/69c7a882fdb03b1f.gif","yolo":"https://emoji.slack-edge.com/T09LQ7E9E/yolo/5616cc5985bbd4ab.png","you_are_welcome":"https://emoji.slack-edge.com/T09LQ7E9E/you_are_welcome/1dbb89ee8ce18b5b.gif","you_know_nothing_jon_snow":"https://emoji.slack-edge.com/T09LQ7E9E/you_know_nothing_jon_snow/2bd6ed2a1dc59f09.png","youdontsay":"https://emoji.slack-edge.com/T09LQ7E9E/youdontsay/8cb1170c1ac2c2d4.png","yougetacar":"https://emoji.slack-edge.com/T09LQ7E9E/yougetacar/29088c1e2f825738.gif","youre-welcome":"https://emoji.slack-edge.com/T09LQ7E9E/youre-welcome/340fb4e123193f48.png","yourewelcome":"https://emoji.slack-edge.com/T09LQ7E9E/yourewelcome/5d1b4da9c5b42112.jpg","yubikey":"https://emoji.slack-edge.com/T09LQ7E9E/yubikey/fb937f9f93fc5eb0.png","yulittle":"https://emoji.slack-edge.com/T09LQ7E9E/yulittle/ba58bcd423b676cc.gif","yummy":"https://emoji.slack-edge.com/T09LQ7E9E/yummy/9f676f7ae5373edf.png","yuno":"https://emoji.slack-edge.com/T09LQ7E9E/yuno/9f676f7ae5373edf.png","zoidberg":"https://emoji.slack-edge.com/T09LQ7E9E/zoidberg/0e1cb03506e29270.gif","zola":"https://emoji.slack-edge.com/T09LQ7E9E/zola/aeccaf03fa865fd5.png","zola_sink":"https://emoji.slack-edge.com/T09LQ7E9E/zola_sink/aa9739e75608f38d.png","zoladkowagorzka":"https://emoji.slack-edge.com/T09LQ7E9E/zoladkowagorzka/22bf771e2e385b85.png"}