{"agree":"https://emoji.slack-edge.com/T1WH84CUA/agree/2813da36cd8c695d.png","bb8":"https://emoji.slack-edge.com/T1WH84CUA/bb8/1c299db5de9a2a12.png","beryl":"https://emoji.slack-edge.com/T1WH84CUA/beryl/efe1ba7e7a.png","black_square":"alias:black_large_square","block":"https://emoji.slack-edge.com/T1WH84CUA/block/b6d02747a1faedb1.png","bowtie":"https://emoji.slack-edge.com/T1WH84CUA/bowtie/f3ec6f2bb0.png","celebrate":"https://emoji.slack-edge.com/T1WH84CUA/celebrate/1201c99aad4d9669.gif","clarify":"https://emoji.slack-edge.com/T1WH84CUA/clarify/50705c6d90e1f87e.png","colorado":"https://emoji.slack-edge.com/T1WH84CUA/colorado/b4fc0a72e8229429.jpg","cubimal_chick":"https://emoji.slack-edge.com/T1WH84CUA/cubimal_chick/85961c43d7.png","disagree":"https://emoji.slack-edge.com/T1WH84CUA/disagree/ca720417de7c3b4e.png","dusty_stick":"https://emoji.slack-edge.com/T1WH84CUA/dusty_stick/6177a62312.png","encouragement":"alias:support","feelsgood":"https://emoji.slack-edge.com/T1WH84CUA/feelsgood/7bcbaa15fa.png","finnadie":"https://emoji.slack-edge.com/T1WH84CUA/finnadie/08e66eb46d.png","flag-cat":"https://emoji.slack-edge.com/T1WH84CUA/flag-cat/d8f08b1964b61440.png","fu":"https://emoji.slack-edge.com/T1WH84CUA/fu/2f615de37f.png","gav":"https://emoji.slack-edge.com/T1WH84CUA/gav/982b7e99ccd7a591.png","github":"https://emoji.slack-edge.com/T1WH84CUA/github/55bd09321d3ff5d8.png","glitch_crab":"https://emoji.slack-edge.com/T1WH84CUA/glitch_crab/db049f1f9c.png","goberserk":"https://emoji.slack-edge.com/T1WH84CUA/goberserk/d8b892d59b.png","godmode":"https://emoji.slack-edge.com/T1WH84CUA/godmode/1bd6476fbb.png","guardian":"https://emoji.slack-edge.com/T1WH84CUA/guardian/b46e1236cf067b28.jpg","hat-tip":"https://emoji.slack-edge.com/T1WH84CUA/hat-tip/6d0406e819472e55.jpg","hotdogs":"https://emoji.slack-edge.com/T1WH84CUA/hotdogs/ae0484b8d36f3cb2.gif","hug":"https://emoji.slack-edge.com/T1WH84CUA/hug/30d6af6499fa2da6.gif","hurtrealbad":"https://emoji.slack-edge.com/T1WH84CUA/hurtrealbad/b9c3d648e6.png","instagram":"https://emoji.slack-edge.com/T1WH84CUA/instagram/297ca2da05622e76.jpg","itv":"https://emoji.slack-edge.com/T1WH84CUA/itv/5a873ef0d0701df5.png","juro":"https://emoji.slack-edge.com/T1WH84CUA/juro/e66f9e75ea8bb7a5.png","limonadadecoco":"https://emoji.slack-edge.com/T1WH84CUA/limonadadecoco/6214847ebf63cbbf.png","metal":"https://emoji.slack-edge.com/T1WH84CUA/metal/9f936a4278.png","mindblown":"https://emoji.slack-edge.com/T1WH84CUA/mindblown/fc36a541182aaf59.gif","minnesota":"https://emoji.slack-edge.com/T1WH84CUA/minnesota/bffef07c2b4318b2.png","neckbeard":"https://emoji.slack-edge.com/T1WH84CUA/neckbeard/c8ec7bf188.png","nyanparrot":"https://emoji.slack-edge.com/T1WH84CUA/nyanparrot/a78c316ee48230e4.gif","nytimes":"https://emoji.slack-edge.com/T1WH84CUA/nytimes/68f9782e1c2e1e22.jpg","octocat":"https://emoji.slack-edge.com/T1WH84CUA/octocat/627964d7c9.png","oppose":"https://emoji.slack-edge.com/T1WH84CUA/oppose/dbfcc63f06764d94.png","order":"https://emoji.slack-edge.com/T1WH84CUA/order/af15c8f779b26d15.png","partyparrot":"https://emoji.slack-edge.com/T1WH84CUA/partyparrot/3bdb5a519307e6df.gif","penguin_dance":"https://emoji.slack-edge.com/T1WH84CUA/penguin_dance/74d054a4d514ad9b.gif","piggy":"https://emoji.slack-edge.com/T1WH84CUA/piggy/b7762ee8cd.png","pride":"https://emoji.slack-edge.com/T1WH84CUA/pride/56b1bd3388.png","rage1":"https://emoji.slack-edge.com/T1WH84CUA/rage1/0c3685290c.png","rage2":"https://emoji.slack-edge.com/T1WH84CUA/rage2/feaf8897c6.png","rage3":"https://emoji.slack-edge.com/T1WH84CUA/rage3/8e11678fbf.png","rage4":"https://emoji.slack-edge.com/T1WH84CUA/rage4/a8029a3996.png","rainbow_heart":"https://emoji.slack-edge.com/T1WH84CUA/rainbow_heart/3c41ac11ba6a6abb.png","raise-hand":"https://emoji.slack-edge.com/T1WH84CUA/raise-hand/b4d28765592aaadb.png","respond":"https://emoji.slack-edge.com/T1WH84CUA/respond/02e13865bfdcddb1.png","rube":"https://emoji.slack-edge.com/T1WH84CUA/rube/74ef8ef199.png","sealofapproval":"https://emoji.slack-edge.com/T1WH84CUA/sealofapproval/2a4dacd1f5700aa5.png","sheepy":"https://emoji.slack-edge.com/T1WH84CUA/sheepy/19a8fe8fca8994c2.gif","shipit":"alias:squirrel","shipitparrot":"https://emoji.slack-edge.com/T1WH84CUA/shipitparrot/31f7c5d74b69be9a.gif","simple_smile":"https://a.slack-edge.com/80588/img/emoji_2017_12_06/apple/simple_smile.png","slack":"https://emoji.slack-edge.com/T1WH84CUA/slack/7d462d2443.png","slack_call":"https://emoji.slack-edge.com/T1WH84CUA/slack_call/b81fffd6dd.png","squirrel":"https://emoji.slack-edge.com/T1WH84CUA/squirrel/465f40c0e0.png","support":"https://emoji.slack-edge.com/T1WH84CUA/support/123a1694fd2e5589.jpg","suspect":"https://emoji.slack-edge.com/T1WH84CUA/suspect/ca4ab3c7c7.png","sympathy":"alias:support","t-hanks":"https://emoji.slack-edge.com/T1WH84CUA/t-hanks/81e5391f69d1ea13.jpg","teddy-bear":"alias:hug","thank-you":"https://emoji.slack-edge.com/T1WH84CUA/thank-you/df6fab3a05f273c3.png","thank_you":"https://emoji.slack-edge.com/T1WH84CUA/thank_you/96eb198e3601e436.png","thanks":"alias:thank_you","thankyou":"alias:thank_you","this":"https://emoji.slack-edge.com/T1WH84CUA/this/af03e4a8e7b653cc.png","thistbh":"https://emoji.slack-edge.com/T1WH84CUA/thistbh/5b5b7a3e29802c0c.png","thumbsup_all":"https://emoji.slack-edge.com/T1WH84CUA/thumbsup_all/50096a1020.png","trollface":"https://emoji.slack-edge.com/T1WH84CUA/trollface/8c0ac4ae98.png","twitching-eye":"https://emoji.slack-edge.com/T1WH84CUA/twitching-eye/80d8cb652acbf9ff.gif","twitter":"https://emoji.slack-edge.com/T1WH84CUA/twitter/0cb63175a1971696.gif","ty":"https://emoji.slack-edge.com/T1WH84CUA/ty/ebb7cf1407d9f1a2.jpg","white_square":"alias:white_large_square"}