{"1000000":"https://emoji.slack-edge.com/T0DMD73EW/1000000/94123215a40c47f1.png","1000000000":"https://emoji.slack-edge.com/T0DMD73EW/1000000000/3683480c5a8b8519.png","abe":"https://emoji.slack-edge.com/T0DMD73EW/abe/2db63a4be5ca58fb.jpg","awesome":"https://emoji.slack-edge.com/T0DMD73EW/awesome/f7a6d2250ae19adf.png","baymax":"https://emoji.slack-edge.com/T0DMD73EW/baymax/e9cff09b043586c6.gif","beryl":"https://emoji.slack-edge.com/T0DMD73EW/beryl/efe1ba7e7a.png","betamax":"https://emoji.slack-edge.com/T0DMD73EW/betamax/7f929b2b042be333.gif","black_square":"alias:black_large_square","bowtie":"https://emoji.slack-edge.com/T0DMD73EW/bowtie/f3ec6f2bb0.png","cal":"https://emoji.slack-edge.com/T0DMD73EW/cal/047dce1adba81db5.png","clippy":"https://emoji.slack-edge.com/T0DMD73EW/clippy/2274dbd5d7e15b7e.jpg","coronaviral":"https://emoji.slack-edge.com/T0DMD73EW/coronaviral/d0b2e87c2bc0a23d.png","coronavirus":"https://emoji.slack-edge.com/T0DMD73EW/coronavirus/b51a1e4e1f9e0466.png","coronavirus2":"https://emoji.slack-edge.com/T0DMD73EW/coronavirus2/a56b60ed771fe9af.jpg","cubimal_chick":"https://emoji.slack-edge.com/T0DMD73EW/cubimal_chick/85961c43d7.png","data_pipeline":"https://emoji.slack-edge.com/T0DMD73EW/data_pipeline/bc0927827eed126a.jpg","deadpool":"https://emoji.slack-edge.com/T0DMD73EW/deadpool/6fdaabbc39cfb73c.png","disappear":"https://emoji.slack-edge.com/T0DMD73EW/disappear/f4a61e01b6afc28a.gif","doge":"https://emoji.slack-edge.com/T0DMD73EW/doge/a8e2d7495bbe8c8f.gif","dogecoin":"https://emoji.slack-edge.com/T0DMD73EW/dogecoin/c766ab3fae406da1.png","doody":"alias:poop","dumpster-fire":"https://emoji.slack-edge.com/T0DMD73EW/dumpster-fire/4c140b8d31f95833.png","dusty_stick":"https://emoji.slack-edge.com/T0DMD73EW/dusty_stick/6177a62312.png","envoy":"https://emoji.slack-edge.com/T0DMD73EW/envoy/c4c86fc3e9bcafeb.png","envoyfire":"https://emoji.slack-edge.com/T0DMD73EW/envoyfire/5fb309415d22ec47.png","facepalm":"https://emoji.slack-edge.com/T0DMD73EW/facepalm/2426d2b297c359fe.png","feelsgood":"https://emoji.slack-edge.com/T0DMD73EW/feelsgood/7bcbaa15fa.png","finnadie":"https://emoji.slack-edge.com/T0DMD73EW/finnadie/08e66eb46d.png","fu":"https://emoji.slack-edge.com/T0DMD73EW/fu/2f615de37f.png","glitch_crab":"https://emoji.slack-edge.com/T0DMD73EW/glitch_crab/db049f1f9c.png","goberserk":"https://emoji.slack-edge.com/T0DMD73EW/goberserk/d8b892d59b.png","godmode":"https://emoji.slack-edge.com/T0DMD73EW/godmode/1bd6476fbb.png","groundhog":"https://emoji.slack-edge.com/T0DMD73EW/groundhog/c1b5799c270ac532.png","haha":"https://emoji.slack-edge.com/T0DMD73EW/haha/5fd5f37c85e971ce.png","hurtrealbad":"https://emoji.slack-edge.com/T0DMD73EW/hurtrealbad/b9c3d648e6.png","hypnotoad":"https://emoji.slack-edge.com/T0DMD73EW/hypnotoad/a4492e10c3c707ab.gif","i-voted":"alias:voted","i_wish_you_hadnt_used_at_here":"https://emoji.slack-edge.com/T0DMD73EW/i_wish_you_hadnt_used_at_here/c41f5d61691e454b.png","ivoted":"https://emoji.slack-edge.com/T0DMD73EW/ivoted/88fa569d90b98b72.jpg","jobs":"https://emoji.slack-edge.com/T0DMD73EW/jobs/f112d301f80d0d4d.jpg","koolaid":"https://emoji.slack-edge.com/T0DMD73EW/koolaid/e036c49282d89d76.png","lebowski_pony":"https://emoji.slack-edge.com/T0DMD73EW/lebowski_pony/7b7231748ad243bf.png","liger":"https://emoji.slack-edge.com/T0DMD73EW/liger/271206bcd640f5fb.jpg","magic8ball":"https://emoji.slack-edge.com/T0DMD73EW/magic8ball/2981321c341a7268.png","metal":"https://emoji.slack-edge.com/T0DMD73EW/metal/9f936a4278.png","narwhal-bubble":"https://emoji.slack-edge.com/T0DMD73EW/narwhal-bubble/5b6a541cc74bcd87.gif","narwhal-tail":"https://emoji.slack-edge.com/T0DMD73EW/narwhal-tail/0895b2efe6673acf.gif","neckbeard":"https://emoji.slack-edge.com/T0DMD73EW/neckbeard/c8ec7bf188.png","oath":"https://emoji.slack-edge.com/T0DMD73EW/oath/9f53bf414382b75a.jpg","octocat":"https://emoji.slack-edge.com/T0DMD73EW/octocat/627964d7c9.png","oof":"https://emoji.slack-edge.com/T0DMD73EW/oof/156fbe7d5c304cb0.jpg","orly":"https://emoji.slack-edge.com/T0DMD73EW/orly/8c6178866653f6a6.png","pagey":"https://emoji.slack-edge.com/T0DMD73EW/pagey/74770a9231443643.gif","party-dumpster-fire":"https://emoji.slack-edge.com/T0DMD73EW/party-dumpster-fire/d686024636eaeac3.gif","picklerick":"https://emoji.slack-edge.com/T0DMD73EW/picklerick/9295864ee7010333.png","piggy":"https://emoji.slack-edge.com/T0DMD73EW/piggy/b7762ee8cd.png","please_be_mindful_of_the_number_of_people_that_at_here_notifies":"https://emoji.slack-edge.com/T0DMD73EW/please_be_mindful_of_the_number_of_people_that_at_here_notifies/588b4eb12c67f511.png","please_make_sure_to_use_at_here_or_at_channel_in_your_message_next_time":"https://emoji.slack-edge.com/T0DMD73EW/please_make_sure_to_use_at_here_or_at_channel_in_your_message_next_time/df4c1e551e77da03.png","pride":"https://emoji.slack-edge.com/T0DMD73EW/pride/56b1bd3388.png","rad":"https://emoji.slack-edge.com/T0DMD73EW/rad/cfd892ab145eab89.gif","rad-shuffle":"https://emoji.slack-edge.com/T0DMD73EW/rad-shuffle/9009c3523d9c5075.gif","rage1":"https://emoji.slack-edge.com/T0DMD73EW/rage1/0c3685290c.png","rage2":"https://emoji.slack-edge.com/T0DMD73EW/rage2/feaf8897c6.png","rage3":"https://emoji.slack-edge.com/T0DMD73EW/rage3/8e11678fbf.png","rage4":"https://emoji.slack-edge.com/T0DMD73EW/rage4/a8029a3996.png","realtaco":"https://emoji.slack-edge.com/T0DMD73EW/realtaco/c84563b6f56caf57.png","rip":"https://emoji.slack-edge.com/T0DMD73EW/rip/5b3c0c0fc47c9df0.png","rootsignal":"https://emoji.slack-edge.com/T0DMD73EW/rootsignal/cdedfa0586a08de9.png","rube":"https://emoji.slack-edge.com/T0DMD73EW/rube/74ef8ef199.png","sad":"https://emoji.slack-edge.com/T0DMD73EW/sad/6822615c13398122.png","sadpanda":"https://emoji.slack-edge.com/T0DMD73EW/sadpanda/446c69f88226f325.png","sadparrot":"https://emoji.slack-edge.com/T0DMD73EW/sadparrot/6647b8dc18eed631.gif","shipit":"alias:squirrel","simple_smile":"https://a.slack-edge.com/80588/img/emoji_2017_12_06/apple/simple_smile.png","sinistar":"https://emoji.slack-edge.com/T0DMD73EW/sinistar/4ea9ea9cde162481.png","siq":"https://emoji.slack-edge.com/T0DMD73EW/siq/1fd603ad5a8130b8.png","siqinside":"https://emoji.slack-edge.com/T0DMD73EW/siqinside/7acff2f5a84a2a61.jpg","slack":"https://emoji.slack-edge.com/T0DMD73EW/slack/7d462d2443.png","slack_call":"https://emoji.slack-edge.com/T0DMD73EW/slack_call/b81fffd6dd.png","sparklepony":"https://emoji.slack-edge.com/T0DMD73EW/sparklepony/46ff1a5cfa3b0b2c.png","squirrel":"https://emoji.slack-edge.com/T0DMD73EW/squirrel/465f40c0e0.png","suspect":"https://emoji.slack-edge.com/T0DMD73EW/suspect/ca4ab3c7c7.png","this":"https://emoji.slack-edge.com/T0DMD73EW/this/62f4b2510493adbc.jpg","this1":"https://emoji.slack-edge.com/T0DMD73EW/this1/15b72d5653e16f56.gif","this3":"https://emoji.slack-edge.com/T0DMD73EW/this3/91ace19990ad42a0.gif","thisisfine":"https://emoji.slack-edge.com/T0DMD73EW/thisisfine/1b04aa856f0b2987.png","thumbsup_all":"https://emoji.slack-edge.com/T0DMD73EW/thumbsup_all/50096a1020.png","totoro":"https://emoji.slack-edge.com/T0DMD73EW/totoro/9a6e9f76462366b8.gif","trans-heart":"https://emoji.slack-edge.com/T0DMD73EW/trans-heart/8ed536638aa63a7f.png","trollface":"https://emoji.slack-edge.com/T0DMD73EW/trollface/8c0ac4ae98.png","voted":"alias:ivoted","webscale":"https://emoji.slack-edge.com/T0DMD73EW/webscale/9d9e6e0d6be81a7b.jpg","white_square":"alias:white_large_square","witnessprotectionparrot":"https://emoji.slack-edge.com/T0DMD73EW/witnessprotectionparrot/c1e770957a9d10d3.gif","yahoo":"https://emoji.slack-edge.com/T0DMD73EW/yahoo/ac3fe3c92ab75d2f.jpg","zim":"https://emoji.slack-edge.com/T0DMD73EW/zim/4f715732121a1079.jpg"}